refid,title
c1680cee8c0e8529de4098a40e5c8480,Los Angeles County Museum of Art O'Keeffe Dinner
55dcc8798701932c436d2a975125e0f7,O'Keeffe Conference: James Kraft Barbara Buhler Lynes
a97fb10853c5222e3ebf5414890325e5,O'Keeffe Conference: Barbara Buhler Lynes Lisa Messinger
ea2f60b40fbc20ddbdf828fc182b1569,O'Keeffe Conference: Anna Chave
36204201c131573b2bc1760e3ec891f8,O'Keeffe Conference: Rob Silverman Sharyn Udall
ac381134388a254f9977add062a4eb1d,O'Keeffe Conference: Sharyn Udall Hunter Drohojowska
1b2335c54d0e6ed6f954b3084dfbdfde,O'Keeffe Conference: Meridel Rubenstein Roxanna Robinson
479afae55acf646215bf935919fca44b,O'Keeffe Conference: Laurie Lisle Sue Davidson Lowe
6830f77b8d050614abf026de0c6dda30,O'Keeffe Conference: Sue Davidson Lowe
fd97df65e1b9cb1ac3a3486deb9cabf2,"Hillary Clinton and Ray Krueger, Bear Lake unveiling at White House"
42a35fa8e0065fa305e06d07f5804734,Creativity and Madness Conference
664f51ba9b785cd823ccea86629e6f6b,Interview with Georgia O'Keeffe by Charlotte Willard
6031a451258dfa7910fa7545eb594f6e,Interview with Georgia O'Keeffe by Agapita (Judy) Lopez
9a57db9d0e8cd82881fbbb12531f1138,Interview with Georgia O'Keeffe by Laura Soulliere of the National Park Service
0f18a86d55ae0657628d8816c68b9794,Interview with Beaumont Newhall on Georgia O'Keeffe
74fdd80e011f06351e5710ff41d8be7d,Interview with Fritz Scholder on Georgia O'Keeffe
33e34ffe25bb3449e9fde8e9377eac0d,Juan Hamilton
f9b4baeecaadd2faa7ca09b1fae2e5d2,Meridel Rubenstein
20bdc2026fe20207feaecb898383b751,Interview with Ruby Cole Archer by Al Kochka
7a7ec61133c8ea79d025509658d0bb9c,WNVR Interview with Barbara Buhler Lynes
5b07b8ec99bba5d303c5bcc3804abc05,"KUNM Interview with Maria Chabot, Barbara Buhler Lynes and Leslie Clark"
749182e41a1b4522b79d976df0ea5a77,Interview with Belarmino Lopez by Barbara Buhler Lynes
f0b38f2ac4fae64d708ec7b8b77c3aa2,Interview with Maria Chabot
b25bd5ad717f111a78761c22910c0fd9,"Georgia O'Keeffe Remembered, by Al Kochka, Director of the Amarillo Art Center"
2cbf510ab5dc7b73aa94a5a69b47c569,Coors American Taste Santa Fe Report: Georgia O'Keeffe
9690628ecdc87e09179ac6118fb392a1,Oliver Taplin discussion of O'Keeffe show at Hayward Gallery 
ef37d66d4a3e2ce51f49a078a65603c7,Two Lives: A Conversation in Paintings and Photographs O'Keeffe and Stieglitz
87ff8f6cd91364d32b71db6266e6fb8d,The Georgia O'Keeffe I Knew Volume 1 by Tio Manzanarez
2586dacb0b899b57d590a7e3826f2b34,The Georgia O'Keeffe I Knew Volume 1 by Tio Manzanarez
8e2a9854ab795c21856294e4c79d5a78,KGNU Boulder: O'Keeffe Days In A Life
c74ba0b94a701025f9fa66442a63133a,"Smithsonian American Art Museum: Natural Affinities Georgia O'Keeffe and Ansel Adams, exhibition podcast"
6ad7014fbf045385e37d41fa15878282,National Gallery of Art: Georgia O'Keeffe (acoustiguide)
