refid,component_id,title
dbc73c14e084b5d7f0ce180e1e7a0a47,2006.6.10,Maria Rapp Boursault and Her daughter with Georgia O'Keeffe
39f5da885927609d5424731d7c91813c,2006.6.11,"Georgia O'Keeffe, Fred and Ella Varnum, and Bly with Judith, Lake George"
6d239ad20ed87ddf6ef0fef980e1451f,2006.6.13,Georgia O'Keeffe
0a73295eb595f8c93462fdcec6ec880b,2006.6.14,A Street in Bellagio
0a20983680a34af08de7d2ed027fc10b,2006.6.15,"From My Window At An American Place, North"
538d23eb7dfb7ce4e7e1f7cc5573269b,2006.6.16,The Ferry Boat
7257b65c97b52be0460f267b0a89588e,2006.6.106,Georgia O'Keeffe and Two Unidentified Women
7207e0cdc07b551749ffe47bcd290883,2006.6.107,Unidentified Woman
44632f5f7ac883d24ec9008dab11ea85,2006.6.108,Ghost Ranch
3a7eb278170eafe9ef9a576b1f72d8f4,2006.6.109,Georgia O'Keeffe and Unidentified Women
cc249658c0e2a18fef9eff31ec055fe3,2006.6.110,Unidentified Woman
57d0578266334457095eb7716ac3fde0,2006.6.111,Georgia O'Keeffe and Chow
b5256c9dd836e892d60368d9ed22d4e6,2006.6.112,Georgia O'Keeffe and Chow
3eb1bb081e915bf55cd9fb48335c4496,2006.6.113,Georgia O'Keeffe's Chow
e3fd3af26f390044d6f5115089ec929e,2006.6.114,Georgia O'Keeffe and Unidentified Woman
175ed56c5ec6f93fcfc4b74379b14ee4,2006.6.115,Georgia O'Keeffe and Philip Sills
923f648c488d3c31017aa4d0dc7f4ad3,2006.6.116,Georgia O'Keeffe and Mr. Wu
d4ca8960fae8e1adb89387084424d547,2006.6.117,"Georgia O'Keeffe, Unidentified Woman and Claudia O'Keeffe"
8a71c9df0cd4dd030af956bba25dc254,2006.6.118,Georgia O'Keeffe and Helen Woodruff in Asia
de7c483d3331e24676785a7806102449,2006.6.119,Ghost Ranch House
6412b313c466af1d7aa7429337f23d95,2006.6.120,Georgia O'Keeffe in Kitchen
9351e99e7678968c0cca65d8ab384b1b,2006.6.121,Georgia O'Keeffe Sitting in Breakfast Room
543bbb5b60d99d74e276cb0134327401,2006.6.122,Georgia O'Keeffe in Kitchen
4e619638024e09f359f933998450a5a8,2006.6.123,Georgia O'Keeffe Walking Outdoors
18fc57037ccc93dcf7e50fad420399b1,2006.6.124,"Mrs. Lestz, Mrs. Lestz's Aunt, and Georgia O'Keeffe at Abiquiu House"
2535c8681872c5fcb6791f62ad9c41c6,2006.6.125,Georgia O'Keeffe in Doorway at Abiquiu House
ae528a58529d3729fc3f0e4997f996cc,2006.6.126,Georgia O'Keeffe in Doorway at Abiquiu House
39675378569a1609c63aea3dc9572fff,2006.6.127,Georgia O'Keeffe and Juan Hamilton
94f00dac4b883d15a6aec0511022f3c7,2006.6.128,Ruby Reid and Georgia O'Keeffe
3c42acca10e3fe8640e10d57ac0396c2,2006.6.129,Ted Reid and Georgia O'Keeffe
5af989cbda8248054c497bdeb11fe5f5,2006.6.130,Ruby Reid and Georgia O'Keeffe
447117124ba02af2bb35e46cc37a6eca,2006.6.131,Georgia O'Keeffe at Desk at Ghost Ranch House
83dbd0a2a6c98d611d2714eb71c04617,2006.6.132,Georgia O'Keeffe's Ghost Ranch House
c546eac75ade401ae35dc1c711acec3f,2006.6.133,Georgia O'Keeffe's Ghost Ranch House
049914e42d1ac10b70c09913cdbb73fc,2006.6.134,Georgia O'Keeffe's Ghost Ranch House
89d0a6c15b3492cd991bddf28d2da85d,2006.6.135,Ted Reid and Georgia O'Keeffe
576f535ed6040598033a5eed1948ff79,2006.6.136,Ted Reid and Georgia O'Keeffe
c8579681565f15f7ae239cb4e0692713,2006.6.137,"Sculpture, Persepolis, Iran"
1579e378172c0faeec1b76a970fcc2b4,2006.6.138,"Unidentified Family in Front of Sculpture in Persepolis, Iran"
1dbf13d17669d25de295212c48fb4bf3,2006.6.139,"Unidentified Family in Front of Sculpture in Persepolis, Iran"
454ec5a6a93332616eddd88d21c498a3,2006.6.140,"Sculpture, Persepolis, Iran"
bb6135dc58beb9086d52afd2a6f432de,2006.6.141,"Persepolis, Iran"
27c7ddf249c5df4d9a516534a4b6e700,2006.6.142,"Persepolis, Iran"
71dc295a0ed392f71b3194e808b3e5a4,2006.6.143,"Ruins, Persepolis, Iran"
602d51b4a5adedd711a097963880abd7,2006.6.144,"Ruins, Persepolis, Iran"
48932f9b26a3727619c49e0e7fe63c54,2006.6.145,"Ruins, Persepolis, Iran"
81bea016580046d0bae172753e985b98,2006.6.146,Esther Johnson with Baby
302b621221e59d283be250aa0dc9eef8,2006.6.147,Genevieve Roach
1314b101d01c6e421e4b1156f924938a,2006.6.148,Alan Priest
6f83d64d5aa3df7c798353286c6a79f3,2006.6.149,Fita (Francis O'Keeffe's Nanny)
817c59c987a485604e29678fa294cbd2,2006.6.150,Francis O'Keeffe and Unidentified Woman (Possibly Fiancee)
ceaed5b49f158a6c5e2d24d93cba02e8,2006.6.151,Unidentified Woman (Possibly Francis O'Keeffe's Fiancee)
107d1a18fabb98ee493419aae33c4838,2006.6.152,Unidentified Woman (Possibly Francis O'Keeffe's Fiancee)
c2133e2cc613aa9b1688b3b628e66ae0,2006.6.153,Suzanne Bloch at Carnegie Hall
1f74fb6b1a290c9a48d496e675bb2727,2006.6.154,Jim Barnett
c5344dc0e2ef52ba735aa5caff2c4ae3,2006.6.155,"Catherine Klenert with Georgia O'Keeffe's Painting ""Sky Above Clouds III/Above the Clouds III"""
34547389a78cffb3edae57ffabe6ddb9,2006.6.156,Frances Halden and Helen Jones with Skull
28ff50e7b065b73839cbd7085031dbd8,2006.6.157,Ruth Claire Weintraub and Noah Sky Kelsey Lundy
b78a11437de2349217581afb14c17e6b,2006.6.158,Unidentified Young Woman
0f8d3533b7fdbbd31c1b85cb3bc6a119,2006.6.159,Unidentified Boy
8d657496df88c0490deb7ac11324fc31,2006.6.160,Unidentified Boy
fa7875eb7a92566b156f5d649d18fd8f,2006.6.161,Unidentified Baby
f10cadbcf05dfc280b866bfd72c32e6f,2006.6.162,Unidentified Man
00faf4f55bab3f053e33978e8b936009,2006.6.163,Unidentified Man
c3377f6ea8ce4c883ce74a42c52d93c2,2006.6.164,"Unidentified Man, Doris Bry and Unidentified Woman"
f08d38629072741eaee82fdc5fda5b67,2006.6.165,Ghost Ranch
bfcd92018d6fe5b05e2d187e1fe61936,2006.6.166,Ghost Ranch
a324d60cc60501ef6663597314e608ea,2006.6.167,Ghost Ranch
803ddbf701f9c2551f747e3afe9ef8ee,2006.6.168,Ghost Ranch
9b0f38a1243ac15aacd669c84c1abaf1,2006.6.169,Display at Ghost Ranch
71b83e832327fb75b17935b55f69051d,2006.6.170,Display at Ghost Ranch
dd625349f14bfafafc2891e553a68200,2006.6.171,Display at Ghost Ranch
ecfad06602befb890718fa4359cf4a74,2006.6.173,"Chancel of St. Wulfram, Abbeville"
3fd999779eb6e75dd4be5c7037e10be9,2006.6.174,"Glass Windows at St. Wulfram, Abbeville"
5c864b15eb17548604db80049936ee27,2006.6.175,"Glass Windows at St. Wulfram, Abbeville"
caa016ea4ebf168fe0f97b6efc24c695,2006.6.176,"Glass Windows at St. Wulfram, Abbeville"
9b50249ad20f84e44f5fbc891bb6df77,2006.6.177,"Glass Windows at St. Wulfram, Abbeville"
54f7e90b55754d3f652d927ca52e5415,2006.6.178,"Glass Windows at St. Wulfram, Abbeville"
062515d6178806a372ac435b01db3265,2006.6.179,"Glass Windows at St. Wulfram, Abbeville"
7a45c92776d2ec7220d8befcce2dc227,2006.6.180,Untitled (Leaf)
ed220c17700097ad14d9e88fa1b07374,2006.6.181,Untitled (Leaf)
acaa58fee7b01e5e2fbd93e37ddb0283,2006.6.182,Untitled (Leaf) Inscriptions
6db6c17354604af910e230c86413f7db,2006.6.183,Untitled (Leaf) Inscriptions
97451f074b18003199e83990f03d6d61,2006.6.184,Land Configuration from the Sky
0c20dd0d43085e34e440d992734427d6,2006.6.185,Land Configuration from the Sky
7c3b81bd71e62cb076b3a9c401d1a4d0,2006.6.186,Landscape
2a9e0e8371f18607dbc471382f2106ee,2006.6.187,Landscape
88e73c1d2d8dc2951ab917924248ae8c,2006.6.188,Boats
73194eab004926c20d0c5b2f2d30ee66,2006.6.189,Boats
8b2706e6e6269a2a172b9d4483071785,2006.6.190,"Flowers in Vase, Marsden Hartley"
d70bfc44875ac9267554472ae6070ba5,2006.6.191,Photograph of William Einstein Painting
d3d9f5c6fa70ef30d6b4e7fa0cc0a2c2,2006.6.192,Photograph of William Einstein Painting
25734f8af7b5dd9336f9b03a409d6061,2006.6.193,Photograph of William Einstein Painting
806a474c1e3abe10af5e247431fe811c,2006.6.194,Photograph of William Einstein Painting
d67e0d22c64bf3f3ebd59f1ffb2a88e8,2006.6.195,Photograph of William Einstein Painting
aa0ecad2872e2e08bafd6b7cba1ec25e,2006.6.196,Photograph of William Einstein Painting
8a5c140b0ed2289cf652ec0650c03272,2006.6.197,Photograph of William Einstein Painting
33a687a519dc524d1fd55c127825ff34,2006.6.198,Photograph of William Einstein Painting
38c9c19df0c84911720fcdad1c928fcf,2006.6.199,Photograph of William Einstein Painting
6ecd98442cab7cef2d5e7d3dbde62c01,2006.6.200,Photograph of William Einstein Painting
c31fab6b8c21503c17358b4c0d4c5837,2006.6.201,Photograph of William Einstein Painting
dc35240f79ee70d61ce5bc0ab748baa7,2006.6.202,Photograph of William Einstein Painting
17930ff6bd8f13731e2a18b5c7054311,2006.6.203,Georgia O'Keeffe Painting in the Whitney Museum of American Art Georgia O'Keeffe Retrospective Exhibition
e227277c39c289f520ec6bb3fa063103,2006.6.204,Georgia O'Keeffe Painting in the Whitney Museum of American Art Georgia O'Keeffe Retrospective Exhibition
46cc12ca9d6fb215926a88e85085991b,2006.6.205,Georgia O'Keeffe Painting in the Whitney Museum of American Art Georgia O'Keeffe Retrospective Exhibition
58061fb24b8c4bdc05242e03cde3b838,2006.6.206,Georgia O'Keeffe Painting in the Whitney Museum of American Art Georgia O'Keeffe Retrospective Exhibition
25559db26ca2e8eb459af5ff8270fa74,2006.6.207,Georgia O'Keeffe Painting in the Whitney Museum of American Art Georgia O'Keeffe Retrospective Exhibition
ab10f06b40ada82dc83d2bae368f910c,2006.6.208,Georgia O'Keeffe Painting in the Whitney Museum of American Art Georgia O'Keeffe Retrospective Exhibition
bbcf36a78d389c82a986f842f7a10dc9,2006.6.209,Georgia O'Keeffe Painting in the Whitney Museum of American Art Georgia O'Keeffe Retrospective Exhibition
bcba1d4c5f0898c0f64d2cd021fa875b,2006.6.210,Photographs of Drawings of Alfred Stieglitz
6ec70443a65a37f38dbf17d23aac85e2,2006.6.211,Photographs of Drawings of Alfred Stieglitz
ac25f0e503e7ede8e262f4cb56c89f46,2006.6.212,La Almeja (Clam) by Mym Tuma
cf942e5546c4c550721b9df3944ab077,2006.6.213,La Mariposa (Butterfly) by Mym Tuma
40cc6043a61e343c26842f91276760d0,2006.6.214,El Arco Iris (Rainbow) by Mym Tuma
85cb4f6877f1f7432eba96ff5b0af750,2006.6.215,Hojancha (Seed and First Leaf) by Mym Tuma
96a3bb37f3d25b59662e6e41294808b1,2006.6.216,Media Luna (Half Moon) by Mym Tuma
b8ec4bdeac25d8f9dbc9587dff87ae5d,2006.6.217,La Alcatraz (White Lily) by Mym Tuma
5a07661ae1bb64fc75280eb1481fc98a,2006.6.218,El Cuerno (Horn) by Mym Tuma
80f93600c4a1d264e7f03f062093ff84,2006.6.219,Flor de Pensamiento (Pansey) by Mym Tuma
6a1db5e92e235914b28fe324007c0a18,2006.6.220,La Perla (Pearl) by Mym Tuma
cfc2de2abc37fe4b40e1d1b2537b85b6,2006.6.221,La Almendra (Germinal Seed) by Mym Tuma
c146c16ade7c5c661c317154ee07ed43,2006.6.222,Mym Tuma and Her Works
395c6471e63e4be97c68e90ea9c23153,2006.6.223,La Perla (Pearl) by Mym Tuma
3a764912dc4a6a84d6e7b0276aa95daf,2006.6.224,Media Luna (Half Moon) by Mym Tuma
ff0d5a6d1f11f855f39a983eadfe2977,2006.6.225,Flor (Flower) by Mym Tuma
92b5ac6cbf5172a6a7e33800e0a49a6f,2006.6.226,Hojancha (Seed and First Leaf) by Mym Tuma
89a598cb429b2c483904469752e3b74b,2006.6.238,"Georgia O'Keeffe Foundation Board Meetings, Board Member with Horns"
a78312830e5c25a0e5dbc251015cca0c,2006.6.239,"Georgia O'Keeffe Foundation Board Meetings, Board Members Outside"
88de8e4c75ede3ee2f7181fb80f78c37,2006.6.240,"Georgia O'Keeffe Foundation Board Meetings, Agapita Judy Lopez on Ladder"
dd30455d027fe83f522093561ba7339b,2006.6.241,"Georgia O'Keeffe Foundation Board Meetings, Board Member on Ladder"
267001d1672df62842f7fd57a1667d36,2006.6.242,"Georgia O'Keeffe Foundation Board Meetings, Board Member on Ladder"
0d49fec9f5cd85c1df8ff4a48f9dbae2,2006.6.243,"Georgia O'Keeffe Foundation Board Meetings, Board Members Outside"
b46b105de421f8bfc1b94c1952319662,2006.6.244,"Georgia O'Keeffe Foundation Board Meetings, Canyon"
1bba1220f39df880df6cf0993ae3cf4f,2006.6.245,"Georgia O'Keeffe Foundation Board Meetings, Board Member"
532c5f7fc4fb16031fcc253a2c5fbd94,2006.6.246,"Georgia O'Keeffe Foundation Board Meetings, Board Member"
0a90d905e4dc1706b05bf635143e85b8,2006.6.247,"Georgia O'Keeffe Foundation Board Meetings, Board Members Outside"
db37cbf5fa6eda5c9e4ec6e11eb1d3f2,2006.6.248,Georgia O'Keeffe Foundation Board Meetings
5663f56b62ff314333c4dd83a848b5d3,2006.6.249,Georgia O'Keeffe Foundation Board Meetings
02b597f61dc95abd36d2f44aa619bcd2,2006.6.250,Georgia O'Keeffe Foundation Board Meetings
fdb0003ee772ea797059c9f261868492,2006.6.251,Georgia O'Keeffe Foundation Board Meetings
2cfa13bc69aa9a4930bed59c145d8dee,2006.6.252,Georgia O'Keeffe Foundation Board Meetings
48e8e2c1d91a66b95f69f19bbbbaed1d,2006.6.253,Georgia O'Keeffe Foundation Board Meetings
c49683d61bea5492718974b6ea9f59c7,2006.6.254,Georgia O'Keeffe Foundation Board Meetings
16a6218f9e3acf09d33fb10fdeb2007c,2006.6.255,Georgia O'Keeffe Foundation Board Meetings
0e049577a7da58d41123074eec5638a7,2006.6.256,Georgia O'Keeffe Foundation Board Meetings
aefb6d02332c61816bca9f2990df9ec4,2006.6.257,Georgia O'Keeffe Foundation Board Meetings
1aa7631cbf946a05dd91aef9e8024816,2006.6.258,"Georgia O'Keeffe Foundation Board Meetings, Juan Hamilton"
d26c8b3ba8f28abd56cf777f69a4e354,2006.6.259,Georgia O'Keeffe Catalogue Raisonne Party
fe6e80426d9542b41c8538b0c96663fb,2006.6.260,Georgia O'Keeffe Catalogue Raisonne Party
b21bdfdd265ca85b6cb866ed8576ce40,2006.6.261,Georgia O'Keeffe Catalogue Raisonne Party
190b80d9fca30cce27ac9591d61511f8,2006.6.262,Georgia O'Keeffe Catalogue Raisonne Party
4406fb50eb2d2c9cc4148f249747df4d,2006.6.263,Georgia O'Keeffe Catalogue Raisonne Party
08ed8f4c048bd0a55f689989eb44df90,2006.6.264,Georgia O'Keeffe Catalogue Raisonne Party
fdaf4e505b824a1a6b988fc1b448f04a,2006.6.265,Georgia O'Keeffe Catalogue Raisonne Party
c7be2c0365eddab04a9347f6f62dd463,2006.6.266,Georgia O'Keeffe Catalogue Raisonne Party
55b4b30fb7a7dcd22b6c0ce097d952bd,2006.6.267,Georgia O'Keeffe Catalogue Raisonne Party
15a86422ea34992b5669034062227330,2006.6.268,Georgia O'Keeffe Catalogue Raisonne Party
b305d355436ef61f965bc1f4c0ba033a,2006.6.269,Georgia O'Keeffe Catalogue Raisonne Party
0410ced8174d70e51ce9c297756e455a,2006.6.270,Castle Herend
2a7289550eb912d080bf8262c89dffc7,2006.6.271,"Georgia O'Keeffe's Abiquiu House, Sculpture"
691b074621fa77741e8342d219ff67fe,2006.6.272,"Georgia O'Keeffe's Abiquiu House, Indian Room Window"
41b970b2755508cc7fd6779c2e7b9f14,2006.6.273,"Georgia O'Keeffe's Abiquiu House, Salita Door and Wall"
30af2fd18876bd2eccbf0e1e996d299c,2006.6.274,"Georgia O'Keeffe's Abiquiu House, Kitchen"
8a66c339526636519071a3e65c539248,2006.6.275,"Georgia O'Keeffe's Abiquiu House, Courtyard"
63651cf91477e0bb313cb23ea9736329,2006.6.276,Georgia O'Keeffe's Abiquiu House
88806517ac872778e687467e0fa63269,2006.6.277,Georgia O'Keeffe's Abiquiu House
13a3c85c57ecff3315ecca9562d28147,2006.6.278,Georgia O'Keeffe's Abiquiu House
9f6896f35f68465a09b19ed6ecfac297,2006.6.279,Georgia O'Keeffe's Abiquiu House
c77bcb30da2d1d496ee937346378bafa,2006.6.280,"Georgia O'Keeffe's Abiquiu House, Living Room Fireplace"
1d797a9e9c8833e479ad5127cbf279bf,2006.6.281,"Georgia O'Keeffe's Abiquiu House, Salita Interior"
2a539ac354914c86bcbd285c42d0d076,2006.6.282,"Georgia O'Keeffe's Abiquiu House, Salita Interior"
9a6c8ca70e473fe62ee60eb3ab1eb648,2006.6.283,Buffalo Skull
74e167c87d73d1d781a30e211a2405ef,2006.6.284,Ghost Ranch Landscape
e875a808e5a246bd7a770c741e862897,2006.6.285,Los Alamos
d478e333026a98637997954bc66d4b2a,2006.6.286,Los Alamos
bd261a6b3562332c3d8aad87d00c41a1,2006.6.287,Books from Georgia O'Keeffe's Abiquiu Library
790d67472ff833019e1b3daaaae16914,2006.6.288,Artwork Produced by Georgia O'Keeffe's Canyon Texas Students
3c54b58cc793cdb67c81b28323d9aa59,2006.6.289,Artwork Produced by Georgia O'Keeffe's Canyon Texas Students
8b231d0d5339e8f4d73d484570847297,2006.6.290,Artwork Produced by Georgia O'Keeffe's Canyon Texas Students
adeb77e1cbfb432b32e9aef290152dd1,2006.6.291,Artwork Produced by Georgia O'Keeffe's Canyon Texas Students
3178845d8763355657f0656c1fb26fab,2006.6.292,Artwork Produced by Georgia O'Keeffe's Canyon Texas Students
fd2ef9c3553c3c26a16d752628e797b5,2006.6.293,Glen Canyon
9bed75de1b3088aef6fd5a07f847063f,2006.6.294,Glen Canyon
3f72d24dfddfc65033d6fba675e46136,2006.6.295,Glen Canyon
3517a526b6f73e228763e05d39fb31e7,2006.6.298,"Georgia O'Keeffe's House in Williamsburg, Virginia"
85a6453e23833015583c3448da04e9c6,2006.6.301,"O'Keeffe Family House, Sun Prairie, Wisconsin"
76ac5e572b07c6f613ab665175039f39,2006.6.302,Chow near Abiquiu House Studio
c597a011411fb9c7c0c8d93206a47084,2006.6.303,Chow near Abiquiu House Dining Room
2328bbac4b2ee2db66455c5c893940bc,2006.6.304,Helen Woodruff in Greece
326294f2fcffd43de5083a3fb33f23c9,2006.6.305,Helen Woodruff in Greece
f25e47c44cf0fe0d2cdfcf758f130b9b,2006.6.306,Helen Woodruff in Greece
e31cd9122aab9b0c3f36b9cc3c501bf8,2006.6.307,Helen Woodruff in Greece
67c4c6a46df081c4ee3314676ec70318,2006.6.308,Helen Woodruff in Greece
386f2b9540415a93d65ea19b2b1399e6,2006.6.309,Unknown man in Greece
f6833ede2b29fe07eb7253a05a38f34d,2006.6.312,Chia
68a7cfa62210eaf4c6a2e2702a849668,2006.6.313,Chia
f493936327efd99a60b467ef0719eeaa,2006.6.314,BoBo
3d0a961b5514a873fd1f31fa3bf29a43,2006.6.315,BoBo
86fb8ea37289fd9c05a977e20a9db37b,2006.6.316,BoBo
edda693b8df6420ac02732b2728bfe15,2006.6.317,BoBo
068927bc2d83e98fc78d2d6ec699894a,2006.6.318,BoBo
d582c57309a770555a7a8640c9794c9c,2006.6.319,BoBo
f5dcffda331a0761b6d6dde86680843a,2006.6.320,BoBo
fdad5204896960ba2372abb7262d2955,2006.6.321,BoBo
4c98accb13e7265f317d4511d25426a7,2006.6.322,BoBo
ef829388579513cca0f0b25f6f9401e9,2006.6.323,Chia
0d682c91a0917b491676d6a4cec774fb,2006.6.324,Chow Dog
ee7de98aebc6edeafb090b450df2fbea,2006.6.325,Chow Dogs
89b9d6b934c63ae0aa36c015e0b3cad2,2006.6.326,Chow Dogs
393f79d7d01e96198e4b348e22c5918e,2006.6.327,Chow Dogs
dad977ea9177762777457fb079888183,2006.6.328,Chow Dogs
41272bcba936f89122c553f7bebc5697,2006.6.329,Chow Dogs
3ee5f61635f9a6f3c65fe57fddfb8af3,2006.6.330,Chow Dogs
e94026340671812e1e6767762661b91b,2006.6.331,Chow Dogs
8e36e78ac7ff008ba422961bb6e5f64e,2006.6.332,Chow Dogs
90bcc56f1c58bbb420845b389318d49b,2006.6.333,Chow Dogs
32fb711b818e08bbafcc63941509d71b,2006.6.334,Chow Dogs
6a3a47c275a4c979b5c4a8ec47569563,2006.6.335,Chow Dogs
c5c55c87b647a6acf5ede4e078287232,2006.6.336,Chow Dogs
a3617c346acd5c1837e05e235ecd1ddd,2006.6.337,Chow Dogs
a07669410a4f108a37d4cf66b7c06de1,2006.6.338,Chow Dogs
9c20d1f4964a83540875681d55da0245,2006.6.339,Chow Dogs
c87fcffb9dfe498568528a1037d64c5c,2006.6.340,Chow Dogs
3fae10d23ba06645b0194708e66163e3,2006.6.341,Chow Dogs
dea8b9e9757a94a2e72b23eec2d974a7,2006.6.342,Chow Dogs
d125b206dad5a82b5f11baa9e9d5a58c,2006.6.343,Chow Dogs
ca0639cedd64c8970fe1eec8ce77cf24,2006.6.344,Chow Dogs
3fdc752368e20247afae5956cc270a5f,2006.6.345,Chow Dogs
c254f1829c08fd631d48722e3e7a42f5,2006.6.346,Chow Dogs
225b25eebd59703e21743fc5dbdc410b,2006.6.347,Chow Dogs
bf3dabe056eaf1e05129c75f7ae84dd5,2006.6.348,Chow Dogs
cfd000755810317e683da0962a4a6b09,2006.6.349,Chow Dogs
26c5360a7bad8d02c45b45e2fb55bcce,2006.6.350,Jingo
bf07def601e97bed4a866b928f3e5660,2006.6.351,Jingo
3e9f27f42b638c7d829dd1ee80282740,2006.6.352,BoBo
e657f83c9a6707b57ea9a3da4d08f5fd,2006.6.353,Chia
6ca4d80e9b95e8b4bf11553d4df6b05f,2006.6.354,Lake Powell
ffda29783a849839956e73ae151425c9,2006.6.355,Lake Powell
0a253215bb6225536414e3bec328ebe2,2006.6.356,Lake Powell
eae75abf9ff9f649f88af4f66224d7b7,2006.6.357,Lake Powell
46e6ea9ca00a78f5fb9fd7fdc36ae999,2006.6.358,Chama River
1f65bf0585bdf8c8ffeff2d3f83de348,2006.6.359,Chama River
ba85dc358f615ed8014355cf86cc15ff,2006.6.360,Chama River
fc152e1be45d0de453b555cc91227692,2006.6.361,Maria Chabot Cutting Aspen on the Martinez Ranch
5de3059647480b103480451004ed4f65,2006.6.362,Maria Chabot Cutting Aspen on the Martinez Ranch
209a724cd642b210f6668146bb1f76f8,2006.6.363,Cutting Aspen on the Martinez Ranch
b0ba0b26ac21dafb4f4d4ecc5f7a08c8,2006.6.364,Maria Chabot Cutting Aspen on the Martinez Ranch
359334377cdb2b5252cac1b0b0f1514d,2006.6.366,Alfred Stieglitz
ca751a3e26694fff17ca98e661e98b3e,2006.6.369,Bust of Georgia O'Keeffe by Una Hanbury
501ee5993416a6fd663826c6bc5a30fd,2006.6.370,Bust of Georgia O'Keeffe by Una Hanbury
be29c960eee3db961cd0b8186d4bbbc0,2006.6.371,Bust of Georgia O'Keeffe by Una Hanbury
0416f213c297c2979d8d81aa107fd459,2006.6.372,Bust of Georgia O'Keeffe by Una Hanbury
1c79dfe4b5f4446a8544152eba83c656,2006.6.373,Bust of Georgia O'Keeffe by Una Hanbury
c09b0ee12a138cc64e549a6bea166f26,2006.6.374,Bust of Georgia O'Keeffe by Una Hanbury
dc2e60d9d3ebf912c83cd0f292c485bc,2006.6.375,Bust of Georgia O'Keeffe by Una Hanbury
5c8cf94647f6a931582b8e45caa5821a,2006.6.376,Bust of Georgia O'Keeffe by Una Hanbury
acf53c08a94cf763d7c04edf7e42292a,2006.6.377,Portrait of O'Keeffe by Una Hanbury
7501310f09cbb98ff7d800dab1c09630,2006.6.378,Portrait of O'Keeffe by Una Hanbury
06b3585bef1036069b8cb5e332b99c74,2006.6.379,American Academy Exhibition
6bf9d16f3a72caa372597777fdc2851b,2006.6.381,"Abiquiu House, Bedroom"
817be262ba4f8a182985840f048a9142,2006.6.382,"Abiquiu House, Sitting Room"
bf6eb2f175cc12ebb55f9ac09629cabc,2006.6.383,Abiquiu House (contact sheet)
ae994976b14365f38ed8b902af608039,2006.6.401,Abiquiu House (contact sheets)
4786bfe31227d9f14f23a6e0124573d1,2006.6.402,Abiquiu House (contact sheets)
760f35d5491d286c2fb260c942fc7720,2006.6.403,Abiquiu House
89ac2194dfd540dc35479fd5de3b9176,2006.6.404,Abiquiu House
70bfaeed881fcedcb324d7e12c67d524,2006.6.405,Abiquiu House
fea4cac23df0a808031abf61c65c8b4b,2006.6.406,Church of St. Thomas
7c1f20ad3565e53481752dcb91259544,2006.6.407,Church of St. Thomas
4cc417c9e09afd3bcacba2a45a1b556e,2006.6.408,"Abiquiu House, Detail"
b1f5b46a0644b6c77f90b4ba25028aff,2006.6.409,"Abiquiu House, Sitting Room from Dining Room"
f93fb741a551ad36ef768b7475345770,2006.6.410,"Abiquiu House, Sitting Room from Dining Room"
a7c6da1a594c368640ece710d84d1332,2006.6.411,"Abiquiu House, Indian Room"
1ba4c3ba42a9ed7b26c85db2e243f0e1,2006.6.412,"Abiquiu House, Indian Room"
32810bc75a37599dfaff141a06d86077,2006.6.413,"Abiquiu House, Indian Room"
8ec33e668d0412fae44e308b5ab3ccca,2006.6.414,"Abiquiu House, Dining Room"
c5145a7c7c6387612cb6a3257865ce4e,2006.6.415,"Abiquiu House, Dining Room"
0772e125175c7e9986d9636cab4a10c1,2006.6.416,"Abiquiu House, Dining Room"
938b4f237f55389675ffbc4a3843784d,2006.6.417,"Abiquiu House, Roofless Room Through Window"
8c4468aafa70ddb6c5d0d4929bc33c54,2006.6.418,"Abiquiu House, Roofless Room Through Window"
3f2dc25ce32883bf730ca975b2c0ac2e,2006.6.419,"Abiquiu House, Roofless Room Through Window"
312d359b7ddf4787c7e63504c9c1a6b7,2006.6.420,"Abiquiu House, African Mask"
ef969f23f46c0ed4225d28c804c0aad1,2006.6.421,"Abiquiu House, African Mask"
820a8290b7deaa6041c50527e47daf37,2006.6.422,"Abiquiu House, African Mask"
46c6d612a3bb3c79a82f2fb51a1d0d65,2006.6.423,"Abiquiu House, Studio Window"
ba28d655efcafbe9290140e5a8b30176,2006.6.424,"Abiquiu House, Studio Window"
1f1cf9a1e7d70bcc46e242d844c07c2c,2006.6.425,"Abiquiu House, Studio Window"
cc2fb00fafb8e2af5985fd49a34a4c23,2006.6.426,"Abiquiu House, Studio Window"
ce1c0b774726d4dd6e4fa2e66f0d425b,2006.6.427,"Abiquiu House, Studio Window Ledge"
b40f8bbbec9d2192bf2b90aff1458eeb,2006.6.428,"Abiquiu House, Studio Window Ledge"
b1e781a31b685494ac53f3f0be01bc5e,2006.6.429,"Abiquiu House, Studio Window Ledge"
6414ccf3a5c5f9e54a6dd700a95896c6,2006.6.430,"Abiquiu House, Bedroom"
ea985af60ac4f3741d385a50003f0bb1,2006.6.431,"Abiquiu House, Bedroom"
77d2e5b52e4c5081db2f3f9b88da9e8c,2006.6.432,"Abiquiu House, Bedroom"
a78063207c1a2020cc2e608076d382ed,2006.6.433,"Abiquiu House, Bedroom"
6dcae3a7bccbb52d9dfcf25d02a254c7,2006.6.434,"Abiquiu House, Bedroom"
2a494de3d335167ce698150305077afa,2006.6.435,"Abiquiu House, Bedroom"
2b2516bcea47a43ab50ce86d45be61f7,2006.6.436,"Abiquiu House, Bedroom"
ac844f76858ee8ebe1814ba85ba0d1ee,2006.6.437,"Abiquiu House, Main Gate"
3971df1d0a67bea1e99150ec4dcce718,2006.6.438,Abiquiu House
0bda15516eb237a8468b662e578b7ce5,2006.6.439,Abiquiu House
fe2588813aaf81fa954043c219988e9e,2006.6.440,"Abiquiu House, Patio"
2bf8b3d2246aad0dc01d64a2678354aa,2006.6.441,"Abiquiu House, Patio"
a94c4ad1f0ee8a1affa42185cba0914d,2006.6.442,"Abiquiu House, Patio"
af0154de0a1f5a846a36f914ddaff66f,2006.6.443,"Abiquiu House, Bedroom"
f87dd344810cfd07ac050659485427e8,2006.6.444,"Abiquiu House, Bedroom"
ee467e21890fdf2e1798651811e660ba,2006.6.445,"Abiquiu House, Bedroom"
2a06dff7c27ada821624ff41ba689667,2006.6.446,"Abiquiu House, Zaguan"
f0a6336b5bd7f2064ddeaf50b35fb018,2006.6.447,"Abiquiu House, Zaguan"
d545db89ad3b1c2f27627493802c3b31,2006.6.448,"Abiquiu House, Zaguan"
4f19063946aa4afc3fc3c4dea523900e,2006.6.450,"Abiquiu House, Exterior"
f18f1e9b632373d5d1fd4b78720b4ba0,2006.6.451,"Abiquiu House, Exterior"
aae4750be8ad4ca1619dea55d30b08a9,2006.6.452,"Abiquiu House, Exterior"
e8b13c647dccf50c6574f6b78c017512,2006.6.453,"Abiquiu House, Studio Door"
30358019d100ae18a9a919145bcc7739,2006.6.454,"Abiquiu House, Sitting Room"
01f8936f550fbd5f942a18ceef269340,2006.6.455,"Abiquiu House, Sitting Room Detail"
a4fa8aefabcef1e44d4f953ac8728a10,2006.6.456,"Abiquiu House, Exterior"
702108b1e7429ffc9776b1e3ee7e6cea,2006.6.457,"Abiquiu House, Zaguan"
a26418366c94dbd92b27f2abb6b22752,2006.6.458,"Abiquiu House, Patio"
cc443cee45c10688430f36645ac8ee40,2006.6.459,"Abiquiu House, Roofless Room"
772e87b457a27a70a01a7fa54438c45e,2006.6.460,"Abiquiu House, Patio"
9b1d888a8eacbfbe652aef6588e570ea,2006.6.461,"Abiquiu House, Sitting Room"
39cd93f5422e53fd7c75a1c58663e1a8,2006.6.462,"Abiquiu House, Indian Room"
a77bde8451e5f8a1e05f21bd0a6722ba,2006.6.463,"Abiquiu House, Roofless Room"
5582aa54b6c026a2867cd37aaddaa6c9,2006.6.464,"Georgia O'Keeffe's Abiquiu House, Aerial View Looking East"
1b8f00139222453ccf932c34fd512a75,2006.6.465,"Georgia O'Keeffe's Abiquiu House, Aerial View Looking East"
5ab12fb8f04ccdd5758f5a17f55bbfd4,2006.6.466,"Georgia O'Keeffe's Abiquiu House, Aerial View Looking Southwest"
0c855e977a0bc7e68d8b011034be230c,2006.6.467,"Georgia O'Keeffe's Abiquiu House, Aerial View"
55ee5d27bd2295d176bab46f345cbabd,2006.6.468,"Georgia O'Keeffe's Abiquiu House, Aerial View"
76047c648f9a11c4b1d81a7c9c14fe8d,2006.6.469,"Georgia O'Keeffe's Abiquiu House, Aerial View"
e353c087138ccb21aafea40aa2c3651a,2006.6.470,"Georgia O'Keeffe's Abiquiu House, Aerial View"
a005fbd9458808ee98af51bf0b172c3f,2006.6.471,"Georgia O'Keeffe's Abiquiu House, Aerial View"
3fc90de6e1be6bc3b87ddc665405d747,2006.6.472,"Georgia O'Keeffe's Abiquiu House, Aerial View"
d9cbce810438ab6520628198959fbdce,2006.6.473,"Georgia O'Keeffe's Abiquiu House, Aerial View"
68ebc3103de4a7212a591ad3ad7e540d,2006.6.474,"Georgia O'Keeffe's Abiquiu House, Aerial View"
808ca9d09256b670d58edf94b1040cd0,2006.6.475,"Georgia O'Keeffe's Abiquiu House, Aerial View"
dc83781abb8d125afa5f5f699e524f1d,2006.6.476,"Georgia O'Keeffe's Abiquiu House, Aerial View"
d67fec0f870fe007d4a3c73aec8a7465,2006.6.477,"Georgia O'Keeffe's Abiquiu House, Patio"
2089acb4d259781d7059306a204c396a,2006.6.478,"Georgia O'Keeffe's Abiquiu House, Exterior Main Gate"
34931e0c6646e7df2a530365f637a314,2006.6.479,"Georgia O'Keeffe's Abiquiu House, Exterior Sitting Room"
ee2ab8d961bf6d3f66547325e286281d,2006.6.480,"Georgia O'Keeffe's Abiquiu House, Exterior Parking"
6d02666bf4e844856522001e334d89c4,2006.6.481,"Georgia O'Keeffe's Abiquiu House, Exterior Main Door"
d1470294941cf768ccc0a7057b68b489,2006.6.482,"Georgia O'Keeffe's Abiquiu House, Zaguan"
02043a1f2a1b5371edbf95c6d621c607,2006.6.483,"Georgia O'Keeffe's Abiquiu House, Hallway"
88b556be4d011db5c2deec10fde35de2,2006.6.484,"Georgia O'Keeffe's Abiquiu House, Exterior"
eefc495c9ff3bdebe1691b5ed1b4f955,2006.6.485,"Georgia O'Keeffe's Abiquiu House, Patio"
51b7f9ee173428ffe08cacea00f25d87,2006.6.486,"Georgia O'Keeffe's Abiquiu House, Exterior"
6eeaa903ca3431a4904c66959816766d,2006.6.487,"Georgia O'Keeffe's Abiquiu House, Exterior and Garden"
3764ae90d5ab13050ec6e64a2f328143,2006.6.488,"Georgia O'Keeffe's Abiquiu House, Exterior and Ladder"
b09e16164d5886a9b979680fc7109d3f,2006.6.489,"Georgia O'Keeffe's Abiquiu House, Exterior and Garden"
b9570b8fd0feb8dadd25198a5141da96,2006.6.490,"Georgia O'Keeffe's Abiquiu House, Living Room"
b7a0f4e27655bd915dbba893cfdde0b2,2006.6.491,"Georgia O'Keeffe's Abiquiu House, Living Room"
17277f2c62bf7710675555b7962a1f85,2006.6.492,"Georgia O'Keeffe's Abiquiu House, Fireplace"
16a478b8d9ea87f05ec85f460c624f39,2006.6.493,"Georgia O'Keeffe's Abiquiu House, Dining and Living Room"
3cab3a7073dc1c11bf5c6050ef4fc330,2006.6.494,"Georgia O'Keeffe's Abiquiu House, Living Room Fireplace"
a88bdd18a77193efe197e5da2952b1b6,2006.6.495,"Georgia O'Keeffe's Abiquiu House, Living Room"
9ad19054203130fa46828780991fc351,2006.6.496,"Georgia O'Keeffe's Abiquiu House, Kitchen"
b71d4cb699d96e7b48464a020bb313a5,2006.6.497,Georgia O'Keeffe's Abiquiu House
cf38bf98e18556d298420b3de6c1038a,2006.6.498,"Georgia O'Keeffe's Abiquiu House, Juan Hamilton in Studio"
fa1ea260fd520bd07922560545a32818,2006.6.499,"Georgia O'Keeffe's Abiquiu House, Studio"
2713da8c0907c51ed938ed776dfc8803,2006.6.500,"Georgia O'Keeffe's Abiquiu House, Studio Detail of Paintings by O'Keeffe"
48be9dc0eb40b4db7bbbcd2cec5734ae,2006.6.501,"Georgia O'Keeffe's Abiquiu House, Front Office"
8c1eb6d41731675a8339c0c4bb29a8b2,2006.6.502,"Georgia O'Keeffe's Abiquiu House, Studio"
0d6c11be889e2452508492b9277c4193,2006.6.503,"Georgia O'Keeffe's Abiquiu House, Studio"
f4f243acbd1f9616ada5f000d1c9535c,2006.6.504,"Georgia O'Keeffe's Abiquiu House, Bedroom"
f3e51325b1a02277e6615bd76bd041d5,2006.6.505,"Georgia O'Keeffe's Abiquiu House, Bedroom"
d5ac708c8d12225c7df62558dc800958,2006.6.506,"Georgia O'Keeffe's Abiquiu House, Bookroom"
fe740debc2eaf2499d465b0c4a03d054,2006.6.507,"Georgia O'Keeffe's Abiquiu House, Living Room"
63026593fd0d0f6179888028a054f12c,2006.6.508,"Georgia O'Keeffe's Abiquiu House, Living Room"
4c03a0f9bbbc1f606d5f7f723caa6f48,2006.6.509,"Georgia O'Keeffe's Abiquiu House, Patio"
efadbe0287c22daaca59917f6baa112d,2006.6.510,"Georgia O'Keeffe's Abiquiu House, Exterior"
e927169c80b5ff90753990a348b4203b,2006.6.511,"Georgia O'Keeffe's Abiquiu House, Exterior"
03d0ec401fd44e667303e6136c144085,2006.6.512,"Georgia O'Keeffe's Abiquiu House, Exterior Main Door"
096e809a0772d17a4ff4b7562892e15f,2006.6.513,"Georgia O'Keeffe's Abiquiu House, Exterior Main Door"
f29880af97286372d9e3e9442f089cab,2006.6.514,"Georgia O'Keeffe's Abiquiu House, Roofless Room"
9e9ec56a5163dcad7a97d9f6dc300d60,2006.6.515,"Georgia O'Keeffe's Abiquiu House, Living Room"
4a259c0162523b7bd2a9f8a60561aba7,2006.6.516,"Georgia O'Keeffe's Abiquiu House, Indian Room"
476b8047f397e2ed932eaafd8c70a6ae,2006.6.517,"Georgia O'Keeffe's Abiquiu House, Studio Bed"
d15eac38b5e41d0437fcecd9b7d59eb7,2006.6.518,"Georgia O'Keeffe's Abiquiu House, Studio with Painting and Sculpture"
fcf43494fce5e8fbb5b1fa42bac5105d,2006.6.519,"Georgia O'Keeffe's Abiquiu House, Bedroom"
e68aba525f23ef2668c431bd5b3585a0,2006.6.520,"Georgia O'Keeffe's Abiquiu House, Patio"
1e22b041c52f12453c77c751defc0db6,2006.6.521,"Georgia O'Keeffe's Abiquiu House, Salita Door"
eab64e12c5e67a7eff98e52bcceed691,2006.6.522,"Georgia O'Keeffe's Abiquiu House, Zaguan Door Exterior"
b3cbfdddfb7baa316c944bee5cdb37d3,2006.6.523,"Georgia O'Keeffe's Abiquiu House, Driveway and Gate"
2084990db171aa60891dd6cb8cbd7ec3,2006.6.524,"Georgia O'Keeffe's Abiquiu House, Snake Skeleton and Rocks"
15329237db7f392a27832b144210ae1d,2006.6.525,Abiquiu Plaza
cb4b64f9fa1ccfe8bbed26bb6fa24b10,2006.6.553,"Georgia O'Keeffe's Ghost Ranch House, Exterior"
3f4c1e91fac3ecc1e14319eb6289271a,2006.6.554,"Georgia O'Keeffe's Ghost Ranch House, Patio"
670d5057b5d120ff4ad86818d5f1b321,2006.6.555,"Georgia O'Keeffe's Ghost Ranch House, Landscape"
edf8d2d4c3530dc57e745ff203eda43e,2006.6.556,"Georgia O'Keeffe's Ghost Ranch House, Exterior"
2b84ae6bbf500d53404e734599217934,2006.6.557,Pedernal
68fd31a115ad2167c3e6d49c1e5e9473,2006.6.706,Georgia O'Keeffe
9ca91640a8b2ce3f9050ada490414b01,2006.6.707,Georgia O'Keeffe
764ac34de81f20668bf7372c88817831,2006.6.708,Georgia O'Keeffe at University of Virginia
7f5e0dcecce24b155a3c9dbc4a1c7209,2006.6.709,Georgia O'Keeffe and Family
9eec37eaf501234d8e892ba4ee2775b1,2006.6.710,Georgia O'Keeffe and Family
3d06ba223eee68b22811e626b3377bf0,2006.6.711,Georgia O'Keeffe at University of Virginia
dbc2b2f184cc49d847bedb4c5f049d62,2006.6.712,Georgia O'Keeffe at University of Virginia
9a115c7cafcb4b54cfb5b88dabafb612,2006.6.714,Georgia O'Keeffe at Lake George
eabdb888f92bb3b70f9b30cebeb7fe74,2006.6.715,Georgia O'Keeffe at Lake George
4d87ce53789d18dd40d3817534d6944c,2006.6.716,Georgia O'Keeffe at Lake George
1f1d1b9b1bc50a54106bf1cf02f61237,2006.6.717,Georgia O'Keeffe at Lake George
384683f1fb6d0a44789a520eb6564be4,2006.6.718,Georgia O'Keeffe at Lake George
1a1c5dc6a0cdcf9748110a946dc2186e,2006.6.719,Georgia O'Keeffe at Lake George
cbaab5def9cd871c16a2c041d466cf54,2006.6.720,Georgia O'Keeffe with Adelaide
86490a0d9d6818919a0a5b3567f4a10d,2006.6.721,Georgia O'Keeffe
76ae5fe9ddf9f682e3db6fa6985502fc,2006.6.722,Georgia O'Keeffe
878104241e807f642054de051903ca89,2006.6.723,"Georgia O'Keeffe in Canyon, Texas"
c6a7471cf05c3476b35f9d134b3103b8,2006.6.724,"Georgia O'Keeffe in Canyon, Texas"
a3487d0727af4b59cc95f4c991a9e2ea,2006.6.725,"Georgia O'Keeffe in Canyon, Texas"
11679b28f28a496d8c3a7f3a6220cb76,2006.6.726,"Claudia O'Keeffe in Canyon, Texas"
068763c2467d05481eaa050bda2f1a6e,2006.6.727,"Claudia O'Keeffe in Canyon, Texas"
3d2e7546f51fa0a94981c782b0020c09,2006.6.728,"Claudia O'Keeffe in Canyon, Texas"
4de0e26f306c2f1a7518a9086c730d42,2006.6.729,Georgia O'Keeffe in Texas
2e620650631005a49164b99bd9288877,2006.6.730,Georgia O'Keeffe in Texas
1bb76918b7144bd7c69275cf1b248b23,2006.6.731,Georgia O'Keeffe in Texas
1fe096bffd17bc115294068913cf8154,2006.6.732,Georgia O'Keeffe and Friends in Texas
206eeabf5792593224f75037a0bc2348,2006.6.733,Georgia O'Keeffe and Unidentified Woman in Texas
7f730c53797c51b4786d88eef0a7b14f,2006.6.734,Georgia O'Keeffe in Texas
ea89596d9388cde5ec79178c8817145f,2006.6.735,Georgia O'Keeffe in Texas
132db7548783b389e8275d15ebc0fa04,2006.6.736,Georgia O'Keeffe with Cat and Dog in Texas
b617611ce8f2db0ff42a3606f8b9b922,2006.6.737,Georgia O'Keeffe with Cat and Dog in Texas
927c843a65a39ec1d7137b146249b2b7,2006.6.738,Georgia O'Keeffe with Dog in Texas
dc3a7a4ee9f4ba84ccaa8d13aaaa7651,2006.6.739,Georgia O'Keeffe with Dog in Texas
423402ab13575f711f9e36ae9b275c60,2006.6.740,Georgia O'Keeffe with Dog in Texas
d3521b76db3e9a67f7486b689c5abf43,2006.6.741,Georgia O'Keeffe with Dog in Texas
bb10bc6fb526aba1c2d06ce9117b87ec,2006.6.742,Georgia O'Keeffe with Dog in Texas
eaba883f38f24135c383814b9694334e,2006.6.743,Group Hiking in Texas
cf7f3717ff030b67237dfd7062273b09,2006.6.744,Group Hiking in Texas
04f613c478cd371145bede1b4798cf64,2006.6.745,Group Hiking in Texas
aa8bdc3c15e8e2a4c6d67082f7626dce,2006.6.746,Georgia O'Keeffe Sitting on a Rock Wall
5d27e4bf13351142377575bf65f43d0a,2006.6.747,Georgia O'Keeffe in Texas
e9bd94cd3e25916bb5d44666ffc5d38f,2006.6.748,Georgia O'Keeffe and Friends Hiking in Texas
c48a436de574123bd3f6882b809c0207,2006.6.749,Georgia O'Keeffe and Friends Hiking in Texas
3dac342e9cf51adc354ef804d08a0961,2006.6.750,"Georgia O'Keeffe Yearbook Picture from Canyon, Texas"
7208ee9f7085804172d26face46e9f8d,2006.6.751,"Georgia O'Keeffe and Friend in Estes Park, colorado"
316d2ae1a6bcf0782e731f46cff71208,2006.6.752,Rebecca Salsbury James and Georgia O'Keeffe
abd79cf80f992e9a9b08f3faff5076dd,2006.6.753,"Georgia O'Keeffe in Monument Valley, Utah"
6103e34de9cafff5bdaa7807784ae370,2006.6.754,Georgia O'Keeffe in Hawaii
13aeaced6a7f63a36be96fa807bff6e3,2006.6.755,Georgia O'Keeffe in Hawaii
c5cfa63ccb42abcdb6baa1ff5a0f4cd3,2006.6.756,Georgia O'Keeffe
a09ec50082f839c0501c01bdee669e65,2006.6.757,Georgia O'Keeffe
eaddb0f592b630e399794c6e3cef4c84,2006.6.758,Georgia O'Keeffe
4b57e94f6fe2e71465a1d9fac90855f0,2006.6.759,Georgia O'Keeffe
193248e90a02be1d7fb3f22cb51e3b53,2006.6.760,Georgia O'Keeffe
d44e970c86e013d7867fc5ed294ae055,2006.6.761,Bernie Martinez and Georgia O'Keeffe on Ghost Ranch Roof
27272501d1527a7177170ae45c0a3a82,2006.6.762,"Georgia O'Keeffe, Aunt Ollie, and sister"
d409fd1b1269115376a4e266a4058875,2006.6.763,Georgia O'Keeffe and Catherine O'Keeffe
9d4318455b77eba0215b003f2f93c9da,2006.6.764,"Anita O'Keeffe, Catherine O'Keeffe, and Georgia O'Keeffe"
b71690c45ce038cc797ade84bae93f8f,2006.6.765,"Anita O'Keeffe, sister, and Georgia O'Keeffe"
45ffac39470a55328cbd6c1cf3f401cc,2006.6.766,"Catherine O'Keeffe, Georgia O'Keeffe, and Aunt Ollie"
f28d6a8936e6eef54d8af05a5b7175cf,2006.6.767,Georgia O'Keeffe and Catherine O'Keeffe
402bcc2fd896ae79cda39eb7cd11c0ad,2006.6.768,Georgia O'Keeffe and sister
7c5909860f9dceb7535a67e4e208a1f4,2006.6.769,"Georgia O'Keeffe, Maria Chabot, and Max Martinez"
dfb71ae73cf2c7e26bce6c1670a3d319,2006.6.770,Georgia O'Keeffe
73b61aa198d22169b4db716418493f50,2006.6.771,"Georgia O'Keeffe at Friday Mosque, Esfahan"
024d66a4ebc800e9071e55a48f7697f6,2006.6.772,Georgia O'Keeffe in Costa Rica
16420a2d862ea6ab1e80fbe47f5be8da,2006.6.773,Georgia O'Keeffe in Costa Rica
e9220317bc8580070813c2872afe98b5,2006.6.774,Georgia O'Keeffe in Costa Rica
dcc7939924c9b783675977425743ef8b,2006.6.775,"Georgia O'Keeffe in Kyoto, Japan"
7bf562cf2aaaf05c63f214f2bb3478b8,2006.6.776,Georgia O'Keeffe in Abiquiu
ef77c35865d98e1903fc0416d78f8d7d,2006.6.777,Georgia O'Keeffe in Abiquiu
15c4015a3755c16033d7f7afbbdb783c,2006.6.778,Georgia O'Keeffe in Abiquiu
105cef6f7b6d81887e0c8d280706c613,2006.6.779,Georgia O'Keeffe in Abiquiu
b546860762e9609d3a07e5ff4a1ae40d,2006.6.780,Georgia O'Keeffe in Egypt
e52f4c9324d7c5023553db852d5f6eba,2006.6.781,Georgia O'Keeffe in Greece
6c333da5700cec1272aeae0574c80f0c,2006.6.782,Georgia O'Keeffe in Greece
9cbc7fe6f1c90913ef0dda33b74bab59,2006.6.783,Georgia O'Keeffe in Greece
f52b3881248a67755c71a9cd2e7c2728,2006.6.784,Georgia O'Keeffe in Greece
aad2bfd221ca43c9a1ca038cfe44ab98,2006.6.785,Georgia O'Keeffe in Greece
5ec4619f04f8aa31b13804552c29e462,2006.6.786,Georgia O'Keeffe in Greece
34553db8808af307416040e205299c0e,2006.6.787,Georgia O'Keeffe in Austria
e1583b7158d16153707b5c54f9dd9a40,2006.6.788,Georgia O'Keeffe Receiving Honorary Degree at Brandeis University
ec8399f0a8f09facb8233a471604ef0a,2006.6.789,Georgia O'Keeffe with Derek Bok at Harvard
ba581f9780871cb20b92f2666a5b7200,2006.6.790,Georgia O'Keeffe Receiving Honorary Degree
1621efa2d73b59481b3f4e306d3e553b,2006.6.791,Georgia O'Keeffe Receiving Honorary Degree
dcc31e24401eaeda7796caa5313cdae7,2006.6.792,Georgia O'Keeffe Receiving Honorary Degree
4b94709f5dfd65f7e4ff2a7f00d33f6c,2006.6.793,Georgia O'Keeffe in Abiquiu
02aec34355e88342e8987ef1a98f9ffd,2006.6.794,Georgia O'Keeffe in Abiquiu
083f7828d9eb131cbb19507ec8c780d6,2006.6.795,Georgia O'Keeffe in Abiquiu
b9bcbd5ccb96c383386edb9f06f7c9e9,2006.6.796,Georgia O'Keeffe
455f0a52eaf2b5b069417d057f77f30e,2006.6.797,Georgia O'Keeffe
62508e096990855ed5927d74bcf02492,2006.6.798,Georgia O'Keeffe
5bf64d212e3a73a3654323da9cc0bcb9,2006.6.799,Georgia O'Keeffe
64fdbd52819400f4ba8c6f08241e7e7d,2006.6.800,Georgia O'Keeffe
5f83da75227a0e1ee26fa8fac54a8307,2006.6.801,Georgia O'Keeffe
4c8815d910d35508f79201985e2d5de7,2006.6.802,Georgia O'Keeffe
b8c7ee0cd050002b217080c5beb87a60,2006.6.803,Georgia O'Keeffe
67a1f5c0c59fbb77c8cf739cfcb79b39,2006.6.804,Georgia O'Keeffe
0927cac059669018268f39ab3c42696c,2006.6.805,Georgia O'Keeffe with Eleanor Capanigro
8b61654806a8ddbf18f296d7edb079c9,2006.6.806,Georgia O'Keeffe with Eleanor Capanigro
492b35f59568e280443030ba88cd9dfe,2006.6.807,Georgia O'Keeffe with Eleanor Capanigro
5cb490faaed754bc0ded937632d62799,2006.6.808,Georgia O'Keeffe with Eleanor Capanigro
16f18a5483c3dfae5ee44b417e1c209a,2006.6.809,Georgia O'Keeffe with Josefita Pino (Fita)
d3ecf52d0d84a28a124e71fa535be7ea,2006.6.810,Georgia O'Keeffe
94047bc8ff5318befc50e09d295e16cf,2006.6.811,Georgia O'Keeffe
50ebc05472558b57480bd419ae5e0fce,2006.6.812,Georgia O'Keeffe with Juan Hamilton and Agapita Judy Lopez
6ff2b231384f85dbb63c707789ca8a7c,2006.6.813,Georgia O'Keeffe with Juan Hamilton and Agapita Judy Lopez
a36f3043d19dec8b56f48c9a2acf62ba,2006.6.814,Georgia O'Keeffe with Juan Hamilton and Agapita Judy Lopez
01bae30e5d2f63eac9334009607ee02d,2006.6.815,Georgia O'Keeffe with Juan Hamilton and Agapita Judy Lopez
61d07fed01a92531ba2afdbccdde8a7b,2006.6.816,Georgia O'Keeffe with Juan Hamilton
6d5298a622edcc1fd15b3e0aa2d3d491,2006.6.817,Georgia O'Keeffe with Juan Hamilton
42afa473ecfa25fb0f1538939bb0ff92,2006.6.818,Juan Hamilton
33aa3b9890d204e56078172b39064b76,2006.6.819,Georgia O'Keeffe Among Chamisa
e39b9a08b4869cb88ee451e10adc6ef3,2006.6.820,Georgia O'Keeffe Sitting on Stone Bench
73c550063e7cb53b31afec197326fe12,2006.6.821,Georgia O'Keeffe Sitting on Stone Bench
c0a8bc0651cf56d4ee3547dac8f346a9,2006.6.822,Georgia O'Keeffe Among Trees
cb7655a0970c5ad915fbf460661c4e5b,2006.6.823,Georgia O'Keeffe Among Trees
78dc1ccda60197861fb35de144614917,2006.6.824,Georgia O'Keeffe with Governor Knowles
cff0206aed84466b07958f6fca48ee43,2006.6.825,Georgia O'Keeffe with Governor Knowles
2164f426220a98439055c902eaf90fee,2006.6.844,Georgia O'Keeffe
9ca002bc2b9d0f1b131aecd760c56849,2006.6.845,Georgia O'Keeffe
0b97cc6691a51ad8a461d603e41b87b4,2006.6.846,Georgia O'Keeffe
3c7b8dc8a1a5cea91817d71700399c55,2006.6.847,Georgia O'Keeffe
2645a884db8cbaf1a3a919c9afd829eb,2006.6.861,Georgia O'Keeffe and Alfred Stieglitz at An American Place (contact sheet)
62d6cf45223c7d494ad48c412fc677ab,2006.6.862,Georgia O'Keeffe and Alfred Stieglitz at An American Place (contact sheet)
39b8c01ac42cfb80640f082931b7c3ac,2006.6.863,Georgia O'Keeffe
3cf6b92f275179607fef30c340ead47b,2006.6.864,Georgia O'Keeffe
18614a7f35ce8118f20a9716e2f61b1a,2006.6.865,Georgia O'Keeffe
27357ac9fe7b5627055c613758251342,2006.6.866,Georgia O'Keeffe
bce1ec9e85f8aaf0d0b9be5d7ca35746,2006.6.867,Georgia O'Keeffe
754bb16cfdf976c82c8c3be897398686,2006.6.868,Georgia O'Keeffe
22e19e2fc197ba717956a1b5013353cf,2006.6.869,Georgia O'Keeffe
593694e1ff1a601f691b51cf6640c2d5,2006.6.870,Georgia O'Keeffe
3d3424cfe7c90f88f65e7e82b7287c70,2006.6.871,Georgia O'Keeffe
607579f95737bc0cc406293f6eb0ffd3,2006.6.872,Georgia O'Keeffe
3f94ebc964d34a2bf5c31800dbc09fa1,2006.6.873,Georgia O'Keeffe
49d6ce170723d3212c11631a4c9830e6,2006.6.874,Georgia O'Keeffe
a873b62c0601c5856f4fb8e9e9c578b1,2006.6.875,Georgia O'Keeffe
15d61de4ab95b876028c4c694beac8e3,2006.6.876,Georgia O'Keeffe
864a5773e24ef80bbb48b16860ff0522,2006.6.877,Georgia O'Keeffe
e47a208dc026b1f3534ec3ee822c32b1,2006.6.878,Georgia O'Keeffe
b96689aa3778b6fa9f9a83c7593451bf,2006.6.879,Georgia O'Keeffe
a59f92d9f63712a7954cec7c1b3ce5ff,2006.6.880,Georgia O'Keeffe with Chows
728617dd8c103642d30e7d468a33cf59,2006.6.881,Georgia O'Keeffe with Chows
4fff56356c4b98ec9cc75c2c1ef79b22,2006.6.882,Georgia O'Keeffe with Chows
c142b8c5a0045f60e7e257392af5b4a4,2006.6.883,Georgia O'Keeffe with Chows
6973d06665884bf98e8ab3677c142ec8,2006.6.884,Georgia O'Keeffe with Chow
5b010c7379802f30f1824b36203e311c,2006.6.885,Georgia O'Keeffe with Chow
aae4217ad2431a03beb78f23ac49f118,2006.6.886,Georgia O'Keeffe with Chow
510b82678ca88a83be0e5c6db6fcf471,2006.6.887,Georgia O'Keeffe at Lake Powell
fe6965704f659709f8620f70796f538d,2006.6.888,Georgia O'Keeffe at Lake Powell
d708ba6199dbfab6731b7a37475d0e12,2006.6.889,Georgia O'Keeffe at Lake Powell
9a7c4e6bd19edb0d563f37440c4cb7ad,2006.6.890,Georgia O'Keeffe at Lake Powell
71d6124464a49989711916cdf28209d7,2006.6.891,Georgia O'Keeffe at Lake Powell
c535e1f2c2ba9b6c4f1f802f17e6b1f6,2006.6.892,Georgia O'Keeffe at Lake Powell
c18eb34f85cf67798efe22edc191cf9f,2006.6.893,Georgia O'Keeffe at Lake Powell
8a6df2b2bd47161fe931d85c1697396d,2006.6.894,Georgia O'Keeffe at Lake Powell
9c7850ed2fdf3b626b8ad9f765db21da,2006.6.895,Georgia O'Keeffe at Lake Powell
e43d967c156302e644f8a5efde8c6b65,2006.6.896,Georgia O'Keeffe at Lake Powell
02be34406d3c938af3558e9094226b8c,2006.6.897,Georgia O'Keeffe at Lake Powell
75f970fd786df17f92c5552f01fa5e9f,2006.6.898,Georgia O'Keeffe at Lake Powell
78f0c2ac0b6d5b32055a2205d08a004b,2006.6.899,Georgia O'Keeffe at Lake Powell
8196c9a0d6938a569a97218b0ce2a883,2006.6.900,Georgia O'Keeffe at Lake Powell
1ea2a363a4f433f5246cd32508dcf589,2006.6.901,Georgia O'Keeffe at Lake Powell
4a06a2d0d2c9b4846ecc0f62bbe03843,2006.6.902,Georgia O'Keeffe at Lake Powell
b4116722cb91f396ad8db7330f9ad6aa,2006.6.903,Georgia O'Keeffe at Lake Powell
f4fb91b744267d87c5871904c37131fa,2006.6.904,Georgia O'Keeffe at Lake Powell
f632f48354379d68fd0f952602dda704,2006.6.905,Georgia O'Keeffe at Lake Powell
0e0617b972c2f8a40b06d9863b0045b6,2006.6.906,Georgia O'Keeffe at Lake Powell
cfc8283a279e9d133e7d108e7a0ce63b,2006.6.907,Georgia O'Keeffe at Lake Powell
4016246dc5fa9e1dcb1a097ada71c3a4,2006.6.908,Georgia O'Keeffe at Lake Powell
3cf717540b9d298b822288f5435f6e02,2006.6.909,Georgia OKeeffe with Olga and Joseph Hirshhorn
d4ea292e1974ce87c1b5c970f0f09001,2006.6.910,Georgia OKeeffe with Joseph Hirshhorn
de93fd8a786fd8529f1f8972b43ea578,2006.6.911,Olga Hirshhorn in Abiquiu
e23c880437c550d0a5178a2dc92a19b2,2006.6.912,Georgia O'Keeffe Walking with Olga and Joseph Hirshhorn
072b041134488289e5a50bfed904d287,2006.6.913,Georgia O'Keeffe on walk with Olga and Joseph Hirshhorn
92e2260b4696d55dca955946dfc9d0ae,2006.6.914,Georgia O'Keeffe with Joseph Hirshhorn
dcf0f80afac6c90a4e6821e2ec17de82,2006.6.915,Georgia O'Keeffe with Joseph Hirshhorn
48b730a858ddf69ea0530502aee33e97,2006.6.916,Georgia O'Keeffe with Joseph Hirshhorn
b5776fe9d9e54bfcb9bc156060ae2df7,2006.6.917,Georgia O'Keeffe with Olga and Joseph Hirshhorn
6b481afa94f13d5c2635e0f864fee116,2006.6.918,Georgia O'Keeffe with Olga and Joseph Hirshhorn
29341ca56ef563f998be078b847a77d2,2006.6.923,Georgia O'Keeffe Hitching a Ride to Abiquiu with Maurice Grosser
198813268505ec12ea291ee386706f0a,2006.6.924,Georgia O'Keeffe Standing by Salita Door
60f1e7d4611a8e4cb213e1ccb78dd990,2006.6.925,Georgia O'Keeffe Standing by Salita Door
f817082a1dee90da343475d2de5219b7,2006.6.926,Georgia O'Keeffe Standing by Salita Door
79bff62e51635b494144370050bbe85b,2006.6.927,Georgia O'Keeffe Standing by Salita Door
e836eed4fd5549c0c7d5874247dd5fb4,2006.6.928,Georgia O'Keeffe in Abiquiu Bedroom
7a1a49f8ba8c22a021f2fccce1161c03,2006.6.929,Georgia O'Keeffe
267552c07da02ec8e6e96722ed7b179e,2006.6.930,Georgia O'Keeffe in Abiquiu Studio
49a5aefaac21e187abf7e9c4650858c6,2006.6.931,Georgia O'Keeffe in Abiquiu Living Room
78ec40e728596560c09981385978efab,2006.6.932,Georgia O'Keeffe
15b34dbae12b1fbf89f03d07cabb2856,2006.6.933,Georgia O'Keeffe
f1ef395eacf2295c3f1268a6b53bf7f7,2006.6.934,Georgia O'Keeffe
90d92c3e688a9738499645215855349e,2006.6.935,Georgia O'Keeffe
4ad7b1f8aad45f7fecc577db21bf58e9,2006.6.936,Georgia O'Keeffe
b2bcd578a957f2794219f31ab39993be,2006.6.937,"Gardening, Abiquiu"
ee618b0abea05c55ec5b01531f050e5b,2006.6.938,"Walk, Ghost Ranch"
6a0d5a96512cf90798c28d2a75a9ebcf,2006.6.939,Ghost Ranch
dc35edddbf28a6a658325c51554e6d71,2006.6.942,Georgia O'Keeffe
c6ae188f26bc0cb6e01586bfed2e4097,2006.6.943,Georgia O'Keeffe with Juan Hamilton in Abiquiu Studio
4cbbd98ac63a10485d0bbe71a9cc5a3b,2006.6.944,Georgia O'Keeffe in Abiquiu Studio
a1dd3d415ff4f12b02a3840334c4522f,2006.6.945,Georgia O'Keeffe in Abiquiu Studio
5c241e04a49b98dc098e6085345be7ea,2006.6.946,Georgia O'Keeffe and Alfred Stieglitz at Lake George
0365f67cc5f57f4b0a86b193d9f7a24a,2006.6.947,Georgia O'Keeffe Press Club Award
025f6affc0efd709a984575ad1a92252,2006.6.948,Georgia O'Keeffe on Camelback in Morocco
425e8d665160591f114dde5d29a6601a,2006.6.949,"Georgia O'Keeffe, Ghost Ranch, NM"
d51095a2d29ab42213188202b2e65d18,2006.6.950,O'Keeffe sitting at Ghost Ranch
929cf3d48dc0a464263ec0cd58e2d70b,2006.6.951,Georgia O'Keeffe in Abiquiu Living Room
20914fae1a03be8f641ddf497decbcf7,2006.6.952,Georgia O'Keeffe in Abiquiu Living Room
231482d507ebcc0f5d76ed86f03b6b1f,2006.6.953,Georgia O'Keeffe in Abiquiu Patio
1cc728e1208602d458b62f7a92ef14a5,2006.6.954,Georgia O'Keeffe in Abiquiu Patio
ae91a2d14773191b3decd18a31ec42df,2006.6.955,Georgia O'Keeffe in Abiquiu Living Room
e51f29437309d0930dbfdfcb90a50bfa,2006.6.956,Georgia O'Keeffe in Abiquiu Studio with Sculpture by Juan Hamilton
307265ec0bd944921812fe7d34d994b3,2006.6.957,Georgia O'Keeffe and Mary Callery with Bust of Georgia O'Keeffe
a55bb630914cb42ec077b1cc825f0db1,2006.6.959,Georgia O'Keeffe with Horse at Sapello Ranch
4ff592470285b26eae9431672f5e0948,2006.6.960,Georgia O'Keeffe with Horse at Sapello Ranch
7f5c4844315698139cd071f0f7d54d30,2006.6.961,Georgia O'Keeffe at Sapello Ranch
038e841ea7c69871ff3fc9fbd63a5093,2006.6.962,Georgia O'Keeffe at Sapello Ranch
a46a6bcbfc0baefa48138662d4d145c9,2006.6.963,Georgia O'Keeffe at Sapello Ranch
1178fbcb46179edb5f79141f0899ace1,2006.6.964,Georgia O'Keeffe at Sapello Ranch
c6a97b5ac55ff8396aa569da3790b379,2006.6.965,Georgia O'Keeffe at Sapello Ranch
72b4c4c50da52f2b0fc173500b7e44c8,2006.6.966,Georgia O'Keeffe at Sapello Ranch
9790ef10e7e23a2a0d722348bdbb029a,2006.6.967,Georgia O'Keeffe at Sapello Ranch
e8900487f0747b06efc046d48ee9200b,2006.6.968,Georgia O'Keeffe at Sapello Ranch
2fab08e11125c7c71b74cd62bc02890b,2006.6.969,"Georgia O'Keeffe in Taos, New Mexico"
40fbcb1e822e4d3a71905c354afe37db,2006.6.970,"Georgia O'Keeffe with James Johnson Sweeney at American Academy, New York"
95a29466a98539d1d42b783f25ac95f2,2006.6.971,"Georgia O'Keeffe with James Johnson Sweeney at American Academy, New York"
949f660eb4ffe4b8fd510101f5bb27c4,2006.6.972,Contact Prints of Georgia O'Keeffe
3cb0d930b84942599c18d7eb8f9faa6a,2006.6.1059,Unidentified Man
1ae4b54628247934bbeb5df93b4ba4f7,2006.6.1060,Unidentified Man
8a4dd980203c6e1f10ae0362c573880d,2006.6.1061,Unidentified Man
fc0587e52477e5154e32b93141ef2fd8,2006.6.1062,Unidentified Woman
282ecb7a92ce32ec2d83f173e55964a4,2006.6.1063,"Georgia O'Keeffe's Abiquiu House, Living Room"
b94f68a9b37835d3501f60807238c92d,2006.6.1064,"Georgia O'Keeffe's Abiquiu House, Living Room"
9958707eeaf7bcd831fea6f71a42f743,2006.6.1065,"Georgia O'Keeffe's Abiquiu House, Living Room"
effe4154dad5e72681ba18325cca6036,2006.6.1066,Skull
3ca4ff1ea407423a20628088b1fb1dbf,2006.6.1067,Insects on Leaf
c0b394de3e01863caff8c3affa07ef3b,2006.6.1068,Insects on Leaf
ebcd8f1b3e472fb24775386340a075db,2006.6.1069,Jimson Weed
d8eacb6ff4a3bc76fc60640fb2f47d4e,2006.6.1070,Jimson Weed
8e2f18aa769cd8864a489ee6b1aa38bd,2006.6.1071,Jimson Weed
7f329a08cd84d30579268f954d3e188a,2006.6.1072,Jimson Weed
4c21299d138c23c8702a00fae90367a3,2006.6.1073,Jimson Weed
79df8a67232ec73f6450c059beae0dd8,2006.6.1074,Jimson Weed
6f7123fb4317755b1769378e6130a948,2006.6.1075,Jimson Weed
dd3bc69691be5c60b024e2dfabd17f80,2006.6.1076,Jimson Weed
4dce77d7c8ac13b7f9fc75772daf0d35,2006.6.1077,Jimson Weed
22cb5f3e533c6dbf17b4365297075fa0,2006.6.1078,View from Georgia O'Keeffe's Abiquiu House in Winter
99fbf15655c6e5c8588f68be1195b9fc,2006.6.1079,View from Georgia O'Keeffe's Abiquiu House in Winter
fe25434fc2214d0aa6b0f38c0de9f210,2006.6.1080,View from Georgia O'Keeffe's Abiquiu House in Winter
e62ed06e531008aee1f58d87fc6b607b,2006.6.1081,View from Georgia O'Keeffe's Abiquiu House in Winter
c039044bb1111388f2a7b0395979fdda,2006.6.1082,View from Georgia O'Keeffe's Abiquiu House in Winter
58c92637b623746c26ebf1d4e8e23907,2006.6.1083,View from Georgia O'Keeffe's Abiquiu House in Winter
14ff6c7cd189b6d0567b25a07ec56327,2006.6.1084,Glen Canyon
9adbca01db7bdd78b33325aca42997fb,2006.6.1085,Glen Canyon
d5535d2fdabad8dff69fdd8f15bdcbd3,2006.6.1086,Glen Canyon
1dba7a0fe8e2398611be9352f72566ab,2006.6.1087,Glen Canyon
777c1c241f77eefeb0819e8af9137ef8,2006.6.1088,Glen Canyon
fa9597baeed3bd21c5cd9d214cee7495,2006.6.1089,Glen Canyon
ffe4656f76d44ba31a24a05af0084594,2006.6.1090,Glen Canyon
442c0330997569582a358a2a42cbb5fd,2006.6.1091,Glen Canyon
da9ccbedc55e05c83a1f0da3d78c4965,2006.6.1092,Glen Canyon
d5d95daf90ff9a5df1487040d36e54aa,2006.6.1093,Glen Canyon
ac518a3d94686c757ad811e2ddc30eb4,2006.6.1094,Glen Canyon
8311b377b9e05ddc4a5f684c28036dde,2006.6.1095,"Ocean Bay and Volcanic Rock, Hawaii"
c6a72a56011fc6322334b27d5af79c72,2006.6.1096,"Natural Stone Arch, Waianapanapa State Park, Hawaii"
5fa972c5a0a2aab6490e8f8bab471930,2006.6.1097,"Natural Stone Arch near Leho'ula Beach, 'Aleamai, Hana, Maui, Hawaii"
b32ce249a4a4dfaa9d97d0412cfa5cfc,2006.6.1098,"Sugar Cane Fields and Clouds, Hawaii"
fa85b4faabf4cd3383e10879923769c2,2006.6.1099,"Sugar Cane Fields and Clouds, Hawaii"
fb90b2fac124cf3a6bda9ccbfb46d57d,2006.6.1100,"Natural Stone Arch, Waianapanapa State Park, Hawaii"
9d118d8dfeb27b335b3660a71f1f68f5,2006.6.1101,"Natural Stone Arch, Waianapanapa State Park, Hawaii"
2d3608ec1519fc3dfe25374fcf8c5779,2006.6.1102,"Natural Stone Arch near Leho'ula Beach, 'Aleamai, Hana, Maui, Hawaii"
efae9ff99d435a5584e4006c30e4b093,2006.6.1103,"Natural Stone Arch near Leho'ula Beach, 'Aleamai, Hana, Maui, Hawaii"
8876ce04dae4048c0597792d3d03e926,2006.6.1104,"Cliffs and Coastline, Hawaii"
a4ed470a8a12ce957bd8be4c86eb76a4,2006.6.1105,"Natural Stone Arch, Waianapanapa State Park, Hawaii"
8938ca6d49226c5aecc28957771d1d3c,2006.6.1106,"Ocean Shore, Hawaii"
f3913bb1a72d2cd905edc4fed876c925,2006.6.1107,"Natural Stone Arch near Leho'ula Beach, 'Aleamai, Hana, Maui, Hawaii"
25e8bd9f77a87f1b461f356bc3083ce2,2006.6.1108,"Ocean Shore, Hawaii"
d770396c3e540f917f4f433468078d7a,2006.6.1109,"Ocean Shore, Hawaii"
06016d0f4b9b66b5daff8d754d68d181,2006.6.1110,"Canoe Shed at Wai'anapanapa Black Sand Beach, Hana, Maui, Hawaii"
9d87635a458c5b0fd5076f6d03d270aa,2006.6.1111,"Flower, Hawaii"
d50ee53da0295fd51427ebf8aff98da6,2006.6.1114,Portrait of Todd Webb
cd2a90a23c5c19713f591cac6ed86db1,2006.6.1115,Portrait of Todd Webb
9c8d91b14e7b67a07b81f2ec48e5e8ea,2006.6.1116,"Todd Webb Standing in Front of the Salita Door, Abiquiu"
0ba89ba3bb01e7043e05ce26cfd28f10,2006.6.1117,Portrait of Todd Webb
6b30f796a4bf0b0108979e1c7c43c9ae,2006.6.1118,Portrait of Todd Webb
71b1eba1efaf6db67fa5715c307628fa,2006.6.1119,Portrait of Todd Webb
e2baed8fa50fc8332e5109f1a3d5a82d,2006.6.1120,Portrait of Todd Webb
c0b745bb1ca4e6a3bb20e67ed78d2360,2006.6.1121,Portrait of Todd Webb
fd424f19c732239a29d92d8f07619787,2006.6.1122,Portrait of Todd Webb
4acbbf4ed5cb2bc704338b3f03db6b6d,2006.6.1123,Portrait of Todd Webb
4b03da9e71ddbf736e551a80c728b10f,2006.6.1124,Portrait of Todd Webb
4c8b6408ef9962ad7783450ff7b63e42,2006.6.1125,Portrait of Todd Webb
83200a1d24e2b4e2a3669cdbe863cb78,2006.6.1126,Skull
2beeace75fb7dd3743bce878055b3631,2006.6.1127,Skull and Chair
28f385db2e3e4211f17bc60a49bdc78d,2006.6.1128,"Georgia O'Keeffe Exhibition at 291, Interior Gallery View"
e7689ceddb8a32164ffff714dba904b2,2006.6.1129,"Georgia O'Keeffe Exhibition at 291, Interior Gallery View"
93e8a014738a3ac1abbdc5a87349efdd,2006.6.1130,"Georgia O'Keeffe Exhibition at The Anderson Galleries, Interior Gallery View"
bed302cea19a812c540113d590ebe87f,2006.6.1131,"Georgia O'Keeffe Exhibition at The Anderson Galleries, Interior Gallery View"
9e3f008b1672b0e4e867d85b561dc387,2006.6.1132,"Georgia O'Keeffe Exhibition at The Anderson Galleries, Interior Gallery View"
c0e876b57e7a212bccfdce234c10b144,2006.6.1133,"Georgia O'Keeffe 27 New Paintings, New Mexico, New York, and Lake George, Interior Gallery View"
54aa49cffafb74c1ae4940d168d87260,2006.6.1134,"Georgia O'Keeffe 27 New Paintings, New Mexico, New York, and Lake George, Interior Gallery View"
ef176a1114ba3cd9a662ab57950d6914,2006.6.1135,"Georgia O'Keeffe 27 New Paintings, New Mexico, New York, and Lake George, Interior Gallery View"
853d815c02b9cb7bdb970747fdccc64c,2006.6.1136,"Georgia O'Keeffe 27 New Paintings, New Mexico, New York, and Lake George, Interior Gallery View"
2f892d600cef32aa994534b680e9b95a,2006.6.1137,"Georgia O'Keeffe 27 New Paintings, New Mexico, New York, and Lake George, Interior Gallery View"
f157b28eec1931da3a13e45064738523,2006.6.1138,"Georgia O'Keeffe 27 New Paintings, New Mexico, New York, and Lake George, Interior Gallery View"
dba6dd66498ed7e829866289d630cb2a,2006.6.1139,"Georgia O'Keeffe 27 New Paintings, New Mexico, New York, and Lake George, Interior Gallery View"
1197c9efbeb074c2749b72a5ba33e1be,2006.6.1140,"Georgia O'Keeffe 27 New Paintings, New Mexico, New York, and Lake George,  Interior Gallery View"
87cea89fb661adbe6975b98ac8bff89f,2006.6.1141,"Georgia O'Keeffe Exhibition: An American Place, Interior Gallery View"
a74b2935988c8a14eff347f93bf51565,2006.6.1142,"Georgia O'Keeffe Exhibition: An American Place, Interior Gallery View"
3dfd38a494896e733316ac2ed05f5248,2006.6.1143,"Georgia O'Keeffe Exhibition: An American Place, Interior Gallery View"
a1fd734901019076cb4645af458c74ad,2006.6.1144,"Georgia O'Keeffe Exhibition: An American Place, Interior Gallery View"
ed9ebe17efbe5df0ab09dbcbc4190c8e,2006.6.1145,"Georgia O'Keeffe Exhibition: An American Place, Interior Gallery View"
fadf0a5d812cfc7b2d6505f4a31dc64f,2006.6.1146,"Georgia O'Keeffe Exhibition: An American Place, Interior Gallery View"
255b5b5fcc3eacffd8a9460bf258c752,2006.6.1147,"Georgia O'Keeffe Exhibition: An American Place, Interior Gallery View"
2a4f621285d29a54633001a0634e989b,2006.6.1148,"Georgia O'Keeffe Exhibition: An American Place, Interior Gallery View"
b85e04ccb61aee0f6b78a6b7d3321a51,2006.6.1149,"Georgia O'Keeffe Exhibition: An American Place, Interior Gallery View"
413c71241a62c21b0abd3d5ce21cb873,2006.6.1150,"Georgia O'Keeffe Exhibition: An American Place, Interior Gallery View"
a8bd83506ce7029544f112ab88570190,2006.6.1151,"Georgia O'Keeffe Exhibition: An American Place, Interior Gallery View"
3f2e0dd091d92c5b0138c854759012d7,2006.6.1152,"Georgia O'Keeffe Exhibition: An American Place, Interior Gallery View"
724782b7ffadcda646e8b3d664fa1c50,2006.6.1153,"Georgia O'Keeffe Exhibition: An American Place, Interior Gallery View"
1af0f6f6d4c5a1e65865717182b4a057,2006.6.1154,"Georgia O'Keeffe 33 New Paintings (New Mexico) - An American Place, Interior Gallery View"
9ee6ac3fdb9fd7f02a23ded4d7c008e0,2006.6.1155,"Georgia O'Keeffe 33 New Paintings (New Mexico) - An American Place, Interior Gallery View"
3a48fcaae107b54dbb9cf2ecca19721f,2006.6.1156,"Georgia O'Keeffe New & Some Old - An American Place, Interior Gallery View"
3312ef15471d85e8e7f2f8fdabb84b01,2006.6.1157,"Georgia O'Keeffe New & Some Old - An American Place, Interior Gallery View"
475afc2483410884a261878d8b5f428f,2006.6.1158,"Georgia O'Keeffe New & Some Old - An American Place, Interior Gallery View"
0e9e350b8c686c33e77fe3cd713c1235,2006.6.1159,"Georgia O'Keeffe Exhibition of Paintings (1919-34)- An American Place, Interior Gallery View"
7a010ef7ac51fcb9bb1b427c59a64850,2006.6.1160,"Georgia O'Keeffe Exhibition of Paintings (1919-34), An American Place"
9fa0beb40c02a16b83f04189588236b4,2006.6.1161,"Georgia O'Keeffe Exhibition of Paintings (1919-34)- An American Place, Interior Gallery View"
17b3dd6865285a0509a85d44d0bd45ff,2006.6.1162,"Georgia O'Keeffe Exhibition of Paintings (1919-34),  An American Place, Interior Gallery View"
659a07f30afb18636d8c62ca1d99a826,2006.6.1163,"Georgia O'Keeffe Exhibition of Paintings (1919-34)- An American Place, Interior Gallery View"
b1cd56ec6591a1bfb9e40b6a66326313,2006.6.1164,"Georgia O'Keeffe Exhibition - An American Place, Interior Gallery view"
c67349ae43a62da17116311d51154953,2006.6.1165,"Georgia O'Keeffe Exhibition - An American Place, Interior Gallery view"
f35129b1427e8ed8965be5327f7a50fb,2006.6.1167,"Georgia O'Keeffe Exhibition - An American Place, Interior Gallery view"
07eb3bedc1cff6e3db47ebd8aee6f9cb,2006.6.1168,"History of An American, Alfred Stieglitz, Stieglitz '291' and After, Philadelphia Museum of Art. Interior Gallery View"
6def0110ff19c153c8778ef21c0bae27,2006.6.1169,"History of An American, Alfred Stieglitz, Stieglitz '291' and After, Philadelphia Museum of Art. Interior Gallery View"
49c69d6c0f970ff98422d96f5635299f,2006.6.1170,"History of An American, Alfred Stieglitz, Stieglitz '291' and After, Philadelphia Museum of Art. Interior Gallery View"
3b2547a500e72f3ff53a2b2f23922a94,2006.6.1171,"History of An American, Alfred Stieglitz, Stieglitz '291' and After, Philadelphia Museum of Art. Interior Gallery View"
b03b914f7440d68f5129573f64680ddb,2006.6.1172,"History of An American, Alfred Stieglitz, Stieglitz '291' and After, Philadelphia Museum of Art. Interior Gallery View"
914eabd89691442abaf11148513a4f06,2006.6.1173,"History of An American, Alfred Stieglitz, Stieglitz '291' and After, Philadelphia Museum of Art. Interior Gallery View"
7c24eac7ed70f315cbc2ca61d906bca3,2006.6.1174,"History of An American, Alfred Stieglitz, Stieglitz '291' and After, Philadelphia Museum of Art. Interior Gallery View"
c0075f457e5d655947057371c4bf8042,2006.6.1175,"History of An American, Alfred Stieglitz, Stieglitz '291' and After, Philadelphia Museum of Art. Interior Gallery View"
c944bc69a22d1adeb5db7917fc54de9f,2006.6.1176,"History of An American, Alfred Stieglitz, Stieglitz '291' and After, Philadelphia Museum of Art. Interior Gallery View"
b2e9751eab02468bc5725cf4bf8669a6,2006.6.1177,"History of An American, Alfred Stieglitz, Stieglitz '291' and After, Philadelphia Museum of Art. Interior Gallery View"
203e066a1457880d9668a0c1a061639a,2006.6.1178,"History of An American, Alfred Stieglitz, Stieglitz '291' and After, Philadelphia Museum of Art. Interior Gallery View"
07666d4d259e5b7cb1ba09121f17ff30,2006.6.1179,"History of An American, Alfred Stieglitz, Stieglitz '291' and After, Philadelphia Museum of Art. Interior Gallery View"
46a9dc872bd3f6e5feee4bed7e98873f,2006.6.1180,"History of An American, Alfred Stieglitz, Stieglitz '291' and After, Philadelphia Museum of Art. Interior Gallery View"
fcda0c67037d21c8f03a79fe032fb9e9,2006.6.1181,"John Marin Exhibition - An American Place, Interior Gallery View"
efed844be419692c04c79872b0932231,2006.6.1182,"John Marin Exhibition - An American Place, Interior Gallery View"
2ad61163ad2e09d5533aa76e6bb2163d,2006.6.1183,"John Marin Exhibition - An American Place, Interior Gallery View"
b9ff958be95588434651602b50ab61af,2006.6.1184,"John Marin Exhibition - An American Place, Interior Gallery View"
175d98cedd4b6900a9f5b55cc1ef1130,2006.6.1185,"John Marin Exhibition - An American Place, Interior Gallery View"
42a25f3521e751678d3cd6dae4c7efbe,2006.6.1186,"John Marin Exhibition - An American Place, Interior Gallery View"
5a1d4f6b394f210a1900f4e3d1a16994,2006.6.1202,"Georgia O'Keeffe Paintings 1946-50, An American Place, Interior Gallery View"
90e8f90bd6b332b2ce36efd857602ad4,2006.6.1203,"Georgia O'Keeffe Paintings 1946-50, An American Place, Interior Gallery View"
b78767ef14a3834b61e3007cc2ffb63d,2006.6.1204,"Georgia O'Keeffe Paintings 1946-50, An American Place, Interior Gallery View"
f0d907b3f71d8f067fb4ddca172ab15c,2006.6.1205,"Georgia O'Keeffe Paintings 1946-50, An American Place, Interior Gallery View"
e10a9203649a846f4840661d0e7bf1bc,2006.6.1206,"Georgia O'Keeffe Paintings 1946-50, An American Place, Interior Gallery View"
91cf7443090a836a6b1cca9eb94da2d4,2006.6.1207,"Georgia O'Keeffe Paintings 1946-50, An American Place, Interior Gallery View"
39d9cf4fd3d4d2891c5f4c066262c786,2006.6.1208,"Georgia O'Keeffe Paintings 1946-50, An American Place, Interior Gallery View"
8474d8b91fe2329c331063b8bfa823e2,2006.6.1209,"Georgia O'Keeffe Paintings 1946-50, An American Place, Interior Gallery View"
76f544cc8026054b0a23a5ac909e320d,2006.6.1210,"Georgia O'Keeffe Paintings 1946-50, An American Place, Interior Gallery View"
9ad6ffca25771c024bb85ee3f6ee5365,2006.6.1211,"Georgia O'Keeffe Paintings 1946-50, An American Place, Interior Gallery View"
41386ccb49bcbd8af707dbb76efd2121,2006.6.1212,Georgia O'Keeffe Exhibition at Downtown Gallery
f35d5fb4a6d5bc74af7aab23191c751e,2006.6.1213,Georgia O'Keeffe Exhibition at Downtown Gallery
98d0060b6b3d27391d0c3927312c5e14,2006.6.1214,Georgia O'Keeffe Exhibition at Downtown Gallery
128b8de6da159da1f7ee9c188a5b712b,2006.6.1215,Georgia O'Keeffe Exhibition at Downtown Gallery
9ffb4b9faae742b6add7ea7c6ec36b48,2006.6.1216,Georgia O'Keeffe Exhibition at Downtown Gallery
174f0d312192e886b9f3cdc7ea41cf75,2006.6.1217,Georgia O'Keeffe Exhibition at Downtown Gallery
08f04b279e4a94a528fc3eca30e889d6,2006.6.1218,Georgia O'Keeffe Exhibition at Downtown Gallery
faf1929cb73a31ed1a3575a8e087815e,2006.6.1219,Georgia O'Keeffe Exhibition at Amon Carter Museum
64d334179f33e86bdb2e389222ff7247,2006.6.1220,Georgia O'Keeffe at Hirshhorn Museum
10c09377058701c9d951ff9b04d2983c,2006.6.1221,Georgia O'Keeffe at Hirshhorn Museum
a854cec3117a6179593559ca689c395b,2006.6.1222,"Georgia O'Keeffe, Olga and Joseph Hirshhorn, and Ira Lowe at Hirshhorn Museum"
ad26002acc90837c6fc6623bca2a3660,2006.6.1223,"Georgia O'Keeffe, Olga and Joseph Hirshhorn, and Ira Lowe at Hirshhorn Museum"
24b7b9512740077eda93ce27df351e34,2006.6.1224,"Georgia O'Keeffe, Juan Hamilton, Olga and Joseph Hirshhorn and unidentified person at Hirshhorn Museum"
dcf11c74edee922927bcc9f351cedb1f,2006.6.1225,"Georgia O'Keeffe, Juan Hamilton, Olga and Joseph Hirshhorn and Ira Lowe at Hirshhorn Museum"
fbfcfdb8c43a13873ad767ab4a8b23d8,2006.6.1226,"Georgia O'Keeffe, Olga and Joseph Hirshhorn, and unidentified person at Hirshhorn Museum"
c32e117f84dec1e8dd70b39e6e8d7b2e,2006.6.1227,"Georgia O'Keeffe, Olga and Joseph Hirshhorn, and unidentified person at Hirshhorn Museum"
656384d98b215c25e2fe92db5e0bb964,2006.6.1228,Georgia O'Keeffe and Joseph Hirshhorn at Hirshhorn Museum
1e01767a32851cd2ba7e20bd241994ef,2006.6.1229,Georgia O'Keeffe and Joseph Hirshhorn at Hirshhorn Museum
ba651c164edc3efe0444a639f2d75631,2006.6.1230,Georgia O'Keeffe and Joseph Hirshhorn at Hirshhorn Museum
7e8d166bf2fcd68f82b4f40693a18a96,2006.6.1231,Georgia O'Keeffe and Joseph Hirshhorn at Hirshhorn Museum
bd6f0584472be7277e3d4aa946048c52,2006.6.1232,Georgia O'Keeffe and Joseph Hirshhorn at Hirshhorn Museum
7ed3dd27b332407891986786e81c4a66,2006.6.1233,Georgia O'Keeffe at Hirshhorn Museum
079ebd7c042f48baac563323571a9939,2006.6.1234,Georgia O'Keeffe at Hirshhorn Museum
d73f01e1313c2cc3674bed0daf5b8ad1,2006.6.1235,Georgia O'Keeffe at Hirshhorn Museum
aa3b7eb0363736699f7f3412375dff27,2006.6.1236,Georgia O'Keeffe at Hirshhorn Museum
13e146e23975bfa0b271580e76d34558,2006.6.1237,Georgia O'Keeffe at Hirshhorn Museum
1a50fa0c106dab2a3de2068c858f0eeb,2006.6.1238,Georgia O'Keeffe at Hirshhorn Museum
edef8087dc4f3f48b182760f34d07eb1,2006.6.1239,Georgia O'Keeffe at Hirshhorn Museum
9f2e7165468af639b46939829eaf7875,2006.6.1240,Georgia O'Keeffe Exhibition at the National Gallery of Art
64689142682a86309ef71002664c3b1d,2006.6.1241,Georgia O'Keeffe and Doris Bry at the Georgia O'Keeffe Exhibition at the National Gallery of Art
251b766e53e86cd975560d82d139981b,2006.6.1242,Georgia O'Keeffe and Doris Bry at the Georgia O'Keeffe Exhibition at the National Gallery of Art
e1e2bfe24ce5ad79602121f897d80d3a,2006.6.1243,Georgia O'Keeffe at the Georgia O'Keeffe Exhibition at the National Gallery of Art
23463c6a4a40a7d3ded884a08b68ab24,2006.6.1244,Georgia O'Keeffe and Doris Bry at the Georgia O'Keeffe Exhibition at the National Gallery of Art
450f2ae6afbcc6605d3be758d1afc6b1,2006.6.1245,Georgia O'Keeffe Exhibition at the National Gallery of Art
22321d94a32b9fddbc668e3ef72fe832,2006.6.1246,Georgia O'Keeffe at the Georgia O'Keeffe Exhibition at the National Gallery of Art
d6dbe2daec15380b6c08d73211ffae78,2006.6.1247,Georgia O'Keeffe Exhibition at the National Gallery of Art
7e73e1f09705c9ee8c5b89a30336b766,2006.6.1248,Georgia O'Keeffe Exhibition at the National Gallery of Art
651fa4dd289e74dc3efcc122d9df7ad6,2006.6.1249,Georgia O'Keeffe Exhibition at the National Gallery of Art
5210ab21d017c2da855cf1384bce10f4,2006.6.1250,Georgia O'Keeffe Exhibition at the National Gallery of Art
7c84e220bb2acd52a371008bd22a1428,2006.6.1251,Georgia O'Keeffe Exhibition at the National Gallery of Art
4a11778977d1113b96bf5b43cbd30dbe,2006.6.1252,Georgia O'Keeffe Exhibition at the National Gallery of Art
7729f7bb946a0fb3576d595fcd3b13d2,2006.6.1253,Georgia O'Keeffe Exhibition at the National Gallery of Art
ba5c515d9a4efd50a9a2c52e261d6cef,2006.6.1254,Georgia O'Keeffe Exhibition at the National Gallery of Art
f0baa4011e3664be4dea993ce60757ad,2006.6.1255,Georgia O'Keeffe Exhibition at the National Gallery of Art
d8e16c14bda0bf11ae9d3e1506393b10,2006.6.1256,Georgia O'Keeffe Exhibition at the National Gallery of Art
36b7665c30c9dfdf12f02057fdd2a368,2006.6.1257,Georgia O'Keeffe Exhibition at the National Gallery of Art
98ab2eaf7d164015542571635acc4777,2006.6.1258,Georgia O'Keeffe Exhibition at the National Gallery of Art
d9696a5c5ac327af698aaa94e435ab7a,2006.6.1259,Georgia O'Keeffe Exhibition at the National Gallery of Art
ca8749607adf01a774c2b39a421fba08,2006.6.1260,Georgia O'Keeffe Exhibition at the National Gallery of Art
09f3c13620a202324be761700bfd1f88,2006.6.1261,Preparation for Alfred Stieglitz Exhibition at the National Gallery of Art
e8a40d180df10558b33b537b25ae3b26,2006.6.1262,Preparation for Alfred Stieglitz Exhibition at the National Gallery of Art
5d737babd128db73cd7f007623b2b990,2006.6.1263,Preparation for Alfred Stieglitz Exhibition at the National Gallery of Art
6920a7a63a9daf2ae72f09f9d7a57878,2006.6.1264,Preparation for Alfred Stieglitz Exhibition at the National Gallery of Art
eaf2ba3c1e3bade90c23e0349703c164,2006.6.1265,Preparation for Alfred Stieglitz Exhibition at the National Gallery of Art
d53312b08c67e4d9fa70197000122296,2006.6.1266,Preparation for Alfred Stieglitz Exhibition at the National Gallery of Art
eb1fee58d4bcdddc2de3de5d5b74dcf6,2006.6.1267,Preparation for Alfred Stieglitz Exhibition at the National Gallery of Art
7e03ab1a5ab9d9e5a22780c273a8dfc5,2006.6.1268,Preparation for Alfred Stieglitz Exhibition at the National Gallery of Art
56521d9a95d4e0545cdf01fba6182a11,2006.6.1269,Preparation for Alfred Stieglitz Exhibition at the National Gallery of Art
59a8b9b029aa7d6f5e55757a6cd58897,2006.6.1270,Preparation for Alfred Stieglitz Exhibition at the National Gallery of Art
592c04b5a6ba5ca608f2b3aa876208fc,2006.6.1271,Preparation for Alfred Stieglitz Exhibition at the National Gallery of Art
cb46d42dfe182e76485ec00b9a6abc3d,2006.6.1272,Preparation for Alfred Stieglitz Exhibition at the National Gallery of Art
5b70266a964af2a74238ea7055f427bf,2006.6.1273,Preparation for Alfred Stieglitz Exhibition at the National Gallery of Art
81d24e06472ff930856f0ca180950f11,2006.6.1274,Preparation for Alfred Stieglitz Exhibition at the National Gallery of Art
61cf4f5617b5161c615f360aeb3cba42,2006.6.1275,Preparation for Alfred Stieglitz Exhibition at the National Gallery of Art
d0ece657854e59d6c0bb200bc541bb87,2006.6.1276,Preparation for Alfred Stieglitz Exhibition at the National Gallery of Art
c873bd673e347db8e2365980b1020937,2006.6.1277,Preparation for Alfred Stieglitz Exhibition at the National Gallery of Art
86c9688e73a116327d82ce6a26b3af3d,2006.6.1278,Preparation for Alfred Stieglitz Exhibition at the National Gallery of Art
4d354764459eef96b30249024c7f9bd0,2006.6.1279,Preparation for Alfred Stieglitz Exhibition at the National Gallery of Art
03bd2448989a1250902a96c9e525cd7c,2006.6.1280,Preparation for Alfred Stieglitz Exhibition at the National Gallery of Art
f8a533e3046888c9ae97b85958bee8ac,2006.6.1281,Highlights of the Permanent Collection
bdff595c9e46185159be54f383e1672d,2006.6.1282,Georgia O'Keeffe Exhibit Installation
6887afefbeec00612403685274ca50f5,2006.6.1283,Georgia O'Keeffe Exhibit Installation
e256554381d70d5223d1d1f9423ecb4f,2006.6.1284,Georgia O'Keeffe Exhibit Installation
454330bac52585b161509b09679d6156,2006.6.1285,Georgia O'Keeffe Exhibit Installation
e2c0aa093bc3f5ebd91a88e89b8fef04,2006.6.1286,Georgia O'Keeffe Exhibit Installation
981e7a94dc8d6891a5a6f397f75ac075,2006.6.1289,Jackie Suazo
1b128039bc0ae8abae9fa8d1138a4fdb,2006.6.1290,Untitled (Seagram's Building)
0fbfad2002f189e77570eeccfe8226a0,2006.6.1291,Trees
08d1e80b3683b4910c15ea140e039638,2006.6.1292,Trees
2922ab74f607c56fff6b3195f61ec9c6,2006.6.1293,Trees
c0c20b05c5a863da90a26af1d77664fb,2006.6.1294,Trees
4377fcc3f4af24a174f932a6c5ba4997,2006.6.1295,Trees
e4886184eab045a45db4a0530b2694d7,2006.6.1296,Trees
237e1ad7369e25caa2545cbb11ca0d4a,2006.6.1297,Trees
1d23efc39db4a3c89e5da2d1449c86ba,2006.6.1298,Trees
b5ce7470cfbe5c728e9f72164d23e6cf,2006.6.1299,Canyon and Roads
21bfa72a724d89cb73840610ec1624ef,2006.6.1300,Canyon and Roads
83f2b58439a05ae71c71a649c57ca378,2006.6.1301,Canyon and Roads
b5dc4f3efc6e5201a46ba3a1b9da0c3c,2006.6.1302,Canyon and Roads
a20444e38c41b15cea25b35f53dcd254,2006.6.1303,Canyon and Roads
241ddbda46de26cba2ba090a6125af7e,2006.6.1304,Canyon and Roads
ba9bef1bba4fdcaf2a5b4fa45916e5bf,2006.6.1305,Roads
b015f5d8f668466456cb415a7e781ad9,2006.6.1306,Roads
62ff1e6e6193ba4b8963f5f6f57cf561,2006.6.1307,Roads
15b94bf6004c7df6ad4597514cc3f681,2006.6.1308,Roads
9f8e07d60e0b6c6f4ef00c288edeb3ce,2006.6.1309,Roads
be43e92bd02559fa97df64edad65f70d,2006.6.1310,Chama River
ec172c83144f7d72c970e75445ba68de,2006.6.1311,Chama River
6d3ae8efc89cf8bddb012bccd6e87ff0,2006.6.1312,Chama River
d351dc34e0ccca8907c25a76baec0a86,2006.6.1313,Chama River
0f538969119c1c090ce26ee7e9aed8bb,2006.6.1314,Chama River
81e4c821eb574c02b8dce7e1fe390f55,2006.6.1315,Chama River
e43bfc25f543d4ef93752df6b19bcfe9,2006.6.1316,Chama River
9dc3af5f9df2b0fcdd27e79c839a94b5,2006.6.1317,Chama River
f3f8b4d66b0661578cbbe1fe884b9c1b,2006.6.1318,Chows
e74cf27ba58ddcd1ec7b546a28004404,2006.6.1319,Chows
4c94a0440f64885aa1710395ab9de98e,2006.6.1320,Chows
1fe0277430373a1ac1223e0d8a206acc,2006.6.1321,Chows
2ace125b5be1fbe7991f5866387b6b55,2006.6.1322,Chows
839ee190962061e710850d682140dca6,2006.6.1323,Chows
7b6812524a925cccf7f982c6be849c4d,2006.6.1324,Chows
2f49183feafd394dce8bf9d016bdbf8a,2006.6.1325,Chows
112197f75c6c2a9e95c4ff3b08817016,2006.6.1326,Chows
95de75fd0174fb41c8488f66f8ccb4d1,2006.6.1327,Chows
eafe595b3be5bf06eabb4be966065c72,2006.6.1328,Chows
81ecfe1a945131128ce998b4b79d5ca1,2006.6.1329,Chow
56009095fe10841515e86496a9b73a98,2006.6.1330,Chows
319639af26be53686ca7b5d520b5a2f5,2006.6.1331,Chows
ef78cc0d8de1b62a30370bb98f765c68,2006.6.1332,Chows
fa6651b115cb52ec017ddc679fd47e81,2006.6.1333,Chows
447b79022dcb53f112780330f83b8bef,2006.6.1334,Chows
43c435816f7f35ef5647779f45a291b9,2006.6.1335,Chows
8cfd9d417af41d41ff8404ed400b1774,2006.6.1336,Chows
34333cfe6def5528ba3ca51c2ecacfc6,2006.6.1337,Chows
a8e4844bd4c3b7206aa844ade7af303b,2006.6.1338,Chows
d47b2702d48dd4aa7542f99026195df9,2006.6.1339,Chows
82c1a10a322386d4aa56e102c7a8b3a3,2006.6.1340,Jingo
5fa9f1363acf4ca0090ee0f7163e31ab,2006.6.1341,Jingo
f116e0c963ee2e853888ccde66bc5be7,2006.6.1342,Chow
eda35fa35870f95e785f96bb13592611,2006.6.1343,Chow
3b3c40700b9a92b3312c26f46810ee3c,2006.6.1344,Jingo
9d4b2796eff423b72908e2b9182db104,2006.6.1345,Chow
607e7103c7d05f8a5f20d3625fd93dca,2006.6.1346,Chow
8b648ddebb4070d331dfbc1927e82f27,2006.6.1347,Chow
ac5f02e9e3f18a47b88ac52c9b87e6f1,2006.6.1348,Chow
a7d9ec67fe45b5f112b0ca8e37b87524,2006.6.1349,Chow
e2b53c24767ba419481c33204eaff708,2006.6.1350,Chow
909be165cb0b366a646ff5b0e9504775,2006.6.1351,Chow
cd451da4e17c26904f555cbddb21d906,2006.6.1352,Chow
abcb0b20c6dbf5403ca0e9b4cba3df84,2006.6.1353,Estiben Suazo and Chow
e2d596a513ff9fc2e90d2dca9d3af4d9,2006.6.1354,Chow
c95cb1df4f3df4b4a0a09dba0b997fdd,2006.6.1355,Chow
e9fabf315c7b13065414d28ed4d528ea,2006.6.1356,Chows
e1170a530613d426ee9cb1d771f90f4c,2006.6.1357,Chow
a1658a4bda05ff6a0c1851a4365417ea,2006.6.1358,Chow
1a33e4209f4c48ea2892750ef799985e,2006.6.1359,Bobo with Glasses
84224aec360cdadee1fb51a5ea846fc1,2006.6.1360,Chows
5753e8bd6e667f2581e413eabc226e2d,2006.6.1361,Chow
d729c2d6be24d1131cba7291da108001,2006.6.1362,Chow
fb439c8639b6833d206bd61542555246,2006.6.1363,Liontamer Chow
dae07ddbd1a80db6093f62755c9f5346,2006.6.1364,Chow
ec2cf01dd76e52c63f0740744bd77e79,2006.6.1365,Chow
351930face7bc0eb11cffa201b38d07e,2006.6.1366,Chow
e8eecf35d1a716f29d6a7a4b187ecc03,2006.6.1367,Chow
183dce0108b8d475b0ecb452d6bb8ec6,2006.6.1368,Chow
f1394d2af7663fedc0ad79c1760d2e7c,2006.6.1369,Champion Eastward Liontamer of Elster
bb339e7a71f3fbf9d03f40a1d5420d48,2006.6.1370,"Chrysler Building, New York"
091f2ab1e14c754c54369c6e1ce331bc,2006.6.1371,Road from Abiquiu
7487ecd6da907e498b94c4487637d8ec,2006.6.1372,Untitled (Road from Abiquiu)
35ccea48b2e7d50be54f3ce1017a64ee,2006.6.1373,"Georgia O'Keeffe's Abiquiu House, Zaguan Door Exterior"
6f6405abae3ad1f6885b4ab1aefa7099,2006.6.1374,"Georgia O'Keeffe's Abiquiu House, Zaguan Door Exterior"
340ee6362eec6d17c8a587fdd581f1f2,2006.6.1375,"Georgia O'Keeffe's Abiquiu House, Zaguan Door Exterior"
0848df00ce3530683e99f4ee847bca0b,2006.6.1376,"Georgia O'Keeffe's Abiquiu House, Zaguan Door Exterior"
a98ca790c3bd78de2565d436b5efdee3,2006.6.1377,"Georgia O'Keeffe's Abiquiu House, Zaguan Door Exterior"
cf0d30f24cf7213bec963e419cf50456,2006.6.1378,"Georgia O'Keeffe's Abiquiu House, Zaguan Door Exterior"
e008e1cf4903e783836d5eec086f0f01,2006.6.1379,"Georgia O'Keeffe's Abiquiu House, Zaguan Door Exterior"
f74193e60f1b5ecdda195f1a45ffeda5,2006.6.1380,"Georgia O'Keeffe's Abiquiu House, Patio and Zaguan"
334dc2f8dfa74aeaaed9e886094207f4,2006.6.1381,"Georgia O'Keeffe's Abiquiu House, Patio and Zaguan"
97ab7c4cfc41fa703c1fea0e449c83fb,2006.6.1382,"Georgia O'Keeffe's Abiquiu House, Patio and Zaguan"
9e7f51d409be1d53e70b45d4d11e36c1,2006.6.1383,"Georgia O'Keeffe's Abiquiu House, Patio and Zaguan"
8b6cf0ae09be146534320f37ae03fd66,2006.6.1384,"Georgia O'Keeffe's Abiquiu House, Patio and Zaguan"
e174c75896daa631c503f265c1fc464e,2006.6.1385,"Georgia O'Keeffe's Abiquiu House, Patio and Zaguan"
53b7e090c90663a91b75ddb972936471,2006.6.1386,"Georgia O'Keeffe's Abiquiu House, Patio and Zaguan"
81d22b5dab70665cb9905adf6d74df2f,2006.6.1387,"Georgia O'Keeffe's Abiquiu House, Patio and Zaguan"
febec5cbcc145ac5238e826f6ea7cdea,2006.6.1388,"Georgia O'Keeffe's Abiquiu House, Patio and Zaguan"
aef5072f599345e63b9d9b209254df02,2006.6.1389,"Georgia O'Keeffe's Abiquiu House, Patio and Zaguan"
d9dc33a147f56ee6c1a6324243f92284,2006.6.1390,"Georgia O'Keeffe's Abiquiu House, Patio and Zaguan"
07b48ecff29590dbe7a3800b2a08ef03,2006.6.1391,"Georgia O'Keeffe's Abiquiu House, Patio and Zaguan"
4edeafbdcbaf46c6edce8c458804a814,2006.6.1392,"Georgia O'Keeffe's Abiquiu House, Chair and Well in Patio"
99a43cff39ed511592f4d73679559352,2006.6.1393,"Georgia O'Keeffe's Abiquiu House, Vigas and Studio Door"
155317bed4f79011871156bf30f2ce61,2006.6.1394,"Georgia O'Keeffe's Abiquiu House,  Studio Door"
e111180b21f8ea9bbbdae76e7ca8b678,2006.6.1395,"Abiquiu House,  Studio Door"
339ea2503ada7470546ac3379ac16f2c,2006.6.1396,"Georgia O'Keeffe's Abiquiu House, Patio"
44a24d2c5f18e36aa356db5d8565fb84,2006.6.1397,"Georgia O'Keeffe's Abiquiu House, Patio"
febd0cfbd4654a36c3ca6c57c095f4b3,2006.6.1398,"Abiquiu House, Patio"
abe4373ad382d07956ff7a3d599c04b2,2006.6.1399,"Georgia O'Keeffe's Abiquiu House, Patio"
da44e4385f2675fff9f9e8dfbe70649d,2006.6.1400,"Georgia O'Keeffe's Abiquiu House, Patio"
9b416ed873f5039ec2e187db4e065746,2006.6.1401,"Georgia O'Keeffe's Abiquiu House, Patio"
8d827f0556be71765e08386e68253b56,2006.6.1402,"Georgia O'Keeffe's Abiquiu House, Salita Door"
2896095ce53a737b098e5e814e149c33,2006.6.1403,"Georgia O'Keeffe's Abiquiu House, Patio and Zaguan"
37626ea76ab1b67a7637bd23e05a4474,2006.6.1404,"Georgia O'Keeffe's Abiquiu House, Dining Room Door in Patio"
0fd5fcd3ef5adbda4d92ef08eec174e1,2006.6.1405,"Georgia O'Keeffe's Abiquiu House, Patio and Zaguan"
f5f72b17da7002865c008cd373638119,2006.6.1406,"Abiquiu House, Salita Door"
66af84ea4e2a9c04ea86785bf385bd15,2006.6.1407,"Georgia O'Keeffe's Abiquiu House, Salita Door"
5437aafd63652d8229df93770872ec24,2006.6.1408,"Georgia O'Keeffe's Abiquiu House, Salita Door"
07223a4cf8d240ab1c6ad660ef1bdd84,2006.6.1409,"Georgia O'Keeffe's Abiquiu House, Ladder Against Studio Wall in Snow"
c9fb29ce65d02833946837a442bc04bc,2006.6.1410,"Georgia O'Keeffe's Abiquiu House, Ladder Against Studio Wall in Snow"
a56d2cca9cb554926fb8ddb774990580,2006.6.1411,"Georgia O'Keeffe's Abiquiu House, Ladder Against Studio Wall in Snow"
5c991fbac646ebfd24784c14a8633506,2006.6.1412,"Abiquiu House, Ladder Against Studio Wall in Snow"
0702e32927177aadc753ebbebc36dabb,2006.6.1413,"Georgia O'Keeffe's Abiquiu House, Ladder Against Studio Wall in Snow"
1d09368a48bdf710d26fa411585e3199,2006.6.1414,"Georgia O'Keeffe's Abiquiu House, Ladder Against Studio Wall in Snow"
fe8640506ca5dc456d633d69897c6c01,2006.6.1415,"Georgia O'Keeffe's Abiquiu House, Ladder Against Studio Wall in Snow"
4102753b8f88e0594b85c8967ba1444b,2006.6.1416,"Georgia O'Keeffe's Abiquiu House, Ladder Against Studio Wall in Snow"
893e1b3c9f56997496266743f37f8cca,2006.6.1417,"Abiquiu House, Ladder Against Studio Wall in Snow"
130ebc483484c90bf2c5442d7020b037,2006.6.1418,"Georgia O'Keeffe's Abiquiu House, Two Ladders Against Wall"
090742fa65c1717c16165010d45c3a02,2006.6.1419,"Georgia O'Keeffe's Abiquiu House, Two Ladders Against Wall"
8b42b017a12d268a4255dedb5f0a84ba,2006.6.1420,"Georgia O'Keeffe's Abiquiu House, Ladder Against Studio Wall"
88df13174b788ca40ea62804803e1d28,2006.6.1421,"Abiquiu House, Ladder Against Studio Wall"
ed24699817e47d70058d5ddd23096349,2006.6.1422,"Georgia O'Keeffe's Abiquiu House, Ladder Against Studio Wall"
2fe6cbd4fded044471507ca4c04d2e48,2006.6.1423,"Georgia O'Keeffe's Abiquiu House, Ladder Against Studio Wall"
98e1004077b15d3fffd9658fdfb53fd5,2006.6.1424,"Georgia O'Keeffe's Abiquiu House, Ladder Against Studio Wall"
b9e4164c248fbaac59e533499785a151,2006.6.1425,"Georgia O'Keeffe's Abiquiu House, Ladder Against Wall"
cbedd8b7c7edfc25613ddb7899cf4be2,2006.6.1426,"Georgia O'Keeffe's Abiquiu House, Roofless Room"
b6374b3d14be274d7b3b2e720901b8f2,2006.6.1427,"Abiquiu House, Roofless Room"
fa7ad3ad06f6058db18a0bccd324f292,2006.6.1428,"Georgia O'Keeffe's Abiquiu House, Roofless Room"
9783156ae47579c25a24c97631c44232,2006.6.1429,"Georgia O'Keeffe's Abiquiu House, Roofless Room"
ee3e27d636419244e49488754de1aafd,2006.6.1430,"Abiquiu House, Roofless Room"
0766cab38af5c2c14130549dbb2bbda0,2006.6.1431,"Georgia O'Keeffe's Abiquiu House, Roofless Room"
8da40ff4a82def071aef45318f8f8781,2006.6.1446,"Skull, Ghost Ranch"
999172b2f8fb46bbca19bfd04b7ba9e2,2006.6.1447,White Peacock
22ae91a12fa4da6f68cd9ac86471733c,2006.6.1448,Georgia O'Keeffe
33adc571ed2338a5936d2fc963ec6194,2006.6.1450,"Georgia O'Keeffe's Abiquiu House, Aerial View"
04e813274317cfbb1122830c07ff76f4,2006.6.1451,"Georgia O'Keeffe's Abiquiu House, Aerial View"
d499964b369610e98293fee06ea18818,2006.6.1452,"Georgia O'Keeffe's Abiquiu House, Front Gate and Exterior"
4d59ed5c3eaf95fdcaf2ebdea5d6860e,2006.6.1453,"Georgia O'Keeffe's Abiquiu House, Front Gate and Exterior"
2e069bd4c998af6d007d34552c5616fd,2006.6.1454,"Georgia O'Keeffe's Abiquiu House, Exterior"
ca1664c3ced7ed7f3197b2f6373f3119,2006.6.1455,"Georgia O'Keeffe's Abiquiu House, Patio"
81e98e69f49b51fd40c5484da158cbc1,2006.6.1456,"Georgia O'Keeffe's Abiquiu House, Living Room"
d029096e79822128044ca0c3515e63a5,2006.6.1457,"Georgia O'Keeffe's Abiquiu House, Living Room"
0d64d2bbeeca4e8999ab49caae4cf1a7,2006.6.1458,Georgia O'Keeffe in Abiquiu Studio
aa6d1c90ec41fd1d3dcd39189777faf4,2006.6.1459,Georgia O'Keeffe in Abiquiu Studio
7285f80fb40c42c71d8eaeeefb7cab2e,2006.6.1460,Georgia O'Keeffe in Abiquiu Studio
f8a7d2063df489473b5c297c15311470,2006.6.1461,Georgia O'Keeffe in Abiquiu Studio
73721bc093a0bd2f5afc7be47784a159,2006.6.1462,Georgia O'Keeffe
30f961493945fa2afb014c09c084a3aa,2006.6.1463,Georgia O'Keeffe
6dc8f127e35a41b77dda3638f7e0f1b3,2006.6.1464,Ghost Ranch House
2c97ae9fb1975bf47dae8477bf5aeaa0,2006.6.1483,"Georgia O'Keeffe Exhibition at 291, Interior Gallery View"
5875580f57bdd3324fbb3f1fc680036b,2006.6.1484,"Georgia O'Keeffe Exhibition at 291, Interior Gallery View"
3b271678adf293a2759d64d3f6a1633a,2006.6.1485,"Georgia O'Keeffe Exhibition at 291, Interior Gallery View"
46063e724176054e2a08c4868cb35658,2006.6.1128a,"Georgia O'Keeffe Exhibition at 291, Interior Gallery View"
e843b9d0b1bcd4de33df55a9d137090f,2006.6.1133a,"Georgia O'Keeffe 27 New Paintings, New Mexico, New York, and Lake George, Interior Gallery View"
129ced6a03dddacaeedf51ce4ea23b3d,2006.6.1133b,"Georgia O'Keeffe 27 New Paintings, New Mexico, New York, and Lake George, Interior Gallery View"
fcd0415e7e409843b2ede58ed66c7754,2006.6.1133c,"Georgia O'Keeffe 27 New Paintings, New Mexico, New York, and Lake George, Interior Gallery View"
7570bb57d7d7aa4d464fccc1037bd670,2006.6.1134a,"Georgia O'Keeffe 27 New Paintings, New Mexico, New York, and Lake George, Interior Gallery View"
89673ca9e02b82bd561c5f4ce285a4cf,2006.6.1134b,"Georgia O'Keeffe 27 New Paintings, New Mexico, New York, and Lake George, Interior Gallery View"
db634edb8fe6d9fb659d1a69b8ce47a2,2006.6.1134c,"Georgia O'Keeffe 27 New Paintings, New Mexico, New York, and Lake George, Interior Gallery View"
1d7f316795ab92347dbada85e0afca7b,2006.6.1134d,"Georgia O'Keeffe 27 New Paintings, New Mexico, New York, and Lake George, Interior Gallery View"
df950e79bffb0e46095b19125a9a56d9,2006.6.1134e,"Georgia O'Keeffe 27 New Paintings, New Mexico, New York, and Lake George, Interior Gallery View"
ed43904e14815e02350db2d379e0daef,2006.6.1135a,"Georgia O'Keeffe 27 New Paintings, New Mexico, New York, and Lake George,  Interior Gallery View"
80b8dd618fb46261beb6efce48ab98ea,2006.6.1137a,"Georgia O'Keeffe 27 New Paintings, New Mexico, New York, and Lake George, Interior Gallery View"
4f9316e0f6d7e60a9cfaba4910f824af,2006.6.1137b,"Georgia O'Keeffe 27 New Paintings, New Mexico, New York, and Lake George,  Interior Gallery View"
2165a452b46fe10f08a3bd358e54ec78,2006.6.1138a,"Georgia O'Keeffe 27 New Paintings, New Mexico, New York, and Lake George, Interior Gallery View"
5bb0a2f1c8616a09ba6e5d7b5d252bc3,2006.6.1138b,"Georgia O'Keeffe 27 New Paintings, New Mexico, New York,and  Lake George, Interior Gallery View"
7c9221db41778d725fa48cfe5c9cadf3,2006.6.1139a,"Georgia O'Keeffe 27 New Paintings, New Mexico, New York, and Lake George, Interior Gallery View"
05eab781710b379b21120bdf160392b9,2006.6.1139b,"Georgia O'Keeffe 27 New Paintings, New Mexico, New York, and Lake George, Interior Gallery View"
17143d2f1659e5e303674ca4f5241dd0,2006.6.1139c,"Georgia O'Keeffe 27 New Paintings, New Mexico, New York, and Lake George, Interior Gallery View"
2b8244fc0057d7fa95b128db09f8bc0f,2006.6.1140a,"Georgia O'Keeffe 27 New Paintings, New Mexico, New York, and Lake George, Interior Gallery View"
e4fe3a5aef587ad162e675b004383954,2006.6.1141a,"Georgia O'Keeffe Exhibition: An American Place, Interior Gallery View"
222e504866233b9a688650ca3f2cc304,2006.6.1142a,"Georgia O'Keeffe Exhibition: An American Place, Interior Gallery View"
18247e4d4afd03494594aeb9e591a902,2006.6.1143a,"Georgia O'Keeffe Exhibition: An American Place, Interior Gallery View"
555b0c3df5c9bb9f5e1d1fa904f6443c,2006.6.1143b,"Georgia O'Keeffe Exhibition: An American Place, Interior Gallery View"
35bfb004577d9dcc79e92c8d9d6473f6,2006.6.1144a,"Georgia O'Keeffe Exhibition: An American Place, Interior Gallery View"
7155da2020721fddd5ddbbd44887f11b,2006.6.1144b,"Georgia O'Keeffe Exhibition: An American Place, Interior Gallery View"
5ddec95bf517ccd53a3b7fae0d154740,2006.6.1145a,"Georgia O'Keeffe Exhibition: An American Place, Interior Gallery View"
eb88d2843a2ee29ba1e396d5d2982742,2006.6.1145b,"Georgia O'Keeffe Exhibition: An American Place, Interior Gallery View"
ca69ffb7f8bd5bcda85d2ccf80b753ee,2006.6.1145c,"Georgia O'Keeffe Exhibition: An American Place, Interior Gallery View"
fe12cdd4402e4743df67573b35dd3458,2006.6.1146a,"Georgia O'Keeffe Exhibition: An American Place, Interior Gallery View"
58d729f6180aa1cf4d89d73f729071e9,2006.6.1149a,"Georgia O'Keeffe Exhibition: An American Place, Interior Gallery View"
4a1736d8fc6ae43f2913c02d25945722,2006.6.1152a,"Georgia O'Keeffe Exhibition: An American Place, Interior Gallery View"
c53600a0c19bcbc2385425415fa95625,2006.6.1154a,"Georgia O'Keeffe 33 New Paintings (New Mexico) - An American Place, Interior Gallery View"
1e0395b9360e8c4cf34608011927fb6e,2006.6.1155a,"Georgia O'Keeffe 33 New Paintings (New Mexico) - An American Place, Interior Gallery View"
40d41056d56b4dd0464dd3cec15fc924,2006.6.1155b,"Georgia O'Keeffe 33 New Paintings (New Mexico) - An American Place, Interior Gallery View"
cfeb271ec8e9d37931c0cf9768d8254c,2006.6.1156a,"Georgia O'Keeffe New & Some Old - An American Place, Interior Gallery View"
2d453a5014c0cec5cff7af2dab9a27b7,2006.6.1157a,"Georgia O'Keeffe New & Some Old - An American Place, Interior Gallery View"
e437d459417cf1075c4c2cdaf6cb8a29,2006.6.1158a,"Georgia O'Keeffe New & Some Old - An American Place, Interior Gallery View"
2460ed8b6f3628f60ff5fc5170e13062,2006.6.1159a,"Georgia O'Keeffe Exhibition of Paintings (1919-34)- An American Place, Interior Gallery View"
d97fd7e60cd3e050739d674a4e4d1f14,2006.6.1160a,"Georgia O'Keeffe Exhibition of Paintings (1919-34), An American Place, Interior Gallery View"
f0adc8b2460f38d183a9af4197e25e12,2006.6.1161a,"Georgia O'Keeffe Exhibition of Paintings (1919-34), An American Place, Interior Gallery View"
21c992fc5e41b85ad75a7dbd360e4f6c,2006.6.1162a,"Georgia O'Keeffe Exhibition of Paintings (1919-34), An American Place, Interior Gallery View"
9ca805a366eed14730fbaed29365b566,2006.6.1163a,"Georgia O'Keeffe Exhibition of Paintings (1919-34),  An American Place, Interior Gallery View"
c8933a41dc753ed4bc07bd6e2091c8a8,2006.6.1163b,"Georgia O'Keeffe Exhibition of Paintings (1919-34),  An American Place, Interior Gallery View"
85aaaf143a1d3fbc9132d6f8b0c2ebdc,2006.6.1164a,"Georgia O'Keeffe Exhibition - An American Place, Interior Gallery view"
9156d0461f1700ba651af9f3a2dbcec4,2006.6.1165a,"Georgia O'Keeffe Exhibition - An American Place, Interior Gallery view"
03be85ecf88cf429898e756d5f98b8fa,2006.6.1165b,"Georgia O'Keeffe Exhibition - An American Place, Interior Gallery view"
6d02aa06080bb8cb443d56ed66834b42,2006.6.1167a,"Georgia O'Keeffe Exhibition - An American Place, Interior Gallery view"
ea16ad274c9a7846b660a1e17742838d,2006.6.1167b,"Georgia O'Keeffe Exhibition - An American Place, Interior Gallery view"
d3cf94a9cedbdf5b82fa96bd98f20728,2006.6.1181a,"John Marin Exhibition - An American Place, Interior Gallery View"
ed2e5868aeca19b916ed7eb75b80758e,2006.6.1446a,"Skull, Ghost Ranch"
3247040dda96fa81b0cb5d8d65a99a7e,2006.6.1446b,"Skull, Ghost Ranch"
db2eca2dac6d20826fd199f56f3f757e,2006.6.1446c,"Skull, Ghost Ranch"
a98e8552f6c5643574850c715e5cb81a,2006.6.1446d,"Skull, Ghost Ranch"
69bbdde802bbeef42c75c9fcf97dc402,2006.6.1446e,"Skull, Ghost Ranch"
af9998efd0b38b91c840049e41d5d8ce,2006.6.1446f,"Skull, Ghost Ranch"
bae331e0badd4e0000fb56b2642baaeb,2006.6.1483a,"Georgia O'Keeffe Exhibition at 291, Interior Gallery View"
d2d9e5b4467a3e1ab014fa860c50c342,2006.6.1483b,"Georgia O'Keeffe Exhibition at 291, Interior Gallery View"
506e3266216e5e80ab1c8151d617c053,2006.6.1483c,"Georgia O'Keeffe Exhibition at 291, Interior Gallery View"
4d5ef7cac35e16bec760f3b83d8fadfb,2006.6.1484a,"Georgia O'Keeffe Exhibition at 291, Interior Gallery View"
43b63e688d6b7b6f35dc8d01a014bc0d,2006.6.1484b,"Georgia O'Keeffe Exhibition at 291, Interior Gallery View"
438797e59d8c16aa718158b1c45ff16c,2006.6.1484c,"Georgia O'Keeffe Exhibition at 291, Interior Gallery View"
a9e4307d54284428be80b5d2f2dcaa25,2006.6.1484d,"Georgia O'Keeffe Exhibition at 291, Interior Gallery View"
8d218634595d571f621bada407dd1d50,2006.6.1484e,"Georgia O'Keeffe Exhibition at 291, Interior Gallery View"
5f18adafec13282c6ca2b0c992448d44,2006.6.1484f,"Georgia O'Keeffe Exhibition at 291, Interior Gallery View"
cec676360716f8bccd5a02b9cf4dbbee,2006.6.248a,Georgia O'Keeffe Foundation Board Meetings
07bac8e9d955a068f28ba35f4e1ff99c,2006.6.269a,Georgia O'Keeffe Catalogue Raisonne Party (35mm color negatives)
51e0799d936d8e8905e8cc9f553dac01,2006.6.716a,Georgia O'Keeffe at Lake George
75380d44c16360c45628fcf061eb530f,2006.6.716b,Georgia O'Keeffe at Lake George
28989071db1129437fe440df0cc9ddac,2006.6.957b,Georgia O'Keeffe and Mary Callery with Bust of Georgia O'Keeffe
