ref3_kxz,16
ref4_frs,16
ref5_9f8,16
ref6_qol,16
ref7_g5d,16
ref8_y0o,16
ref9_leh,16
ref10_ln9,16
ref11_p53,16
ref12_u7u,16
ref13_w0n,16
ref14_vtd,16
ref29_iw4,16
ref30_biv,16
ref31_6ic,16
ref32_mem,16
ref33_9m5,16
ref33_9m5,187
ref34_q89,16
ref34_q89,187
ref35_fpg,16
ref35_fpg,187
ref36_ivs,16
ref37_0zk,16
ref38_50f,16
ref39_lpd,16
ref45_qvt,187
ref46_8ck,187
ref67_bzq,19
ref68_sbm,19
ref69_mc2,19
ref70_b69,19
ref71_5kc,19
ref72_7c1,19
ref73_dai,16
ref80_j3d,16
ref81_58r,16
ref82_j57,16
ref84_jj6,16
ref85_mls,16
ref86_y9j,16
ref88_9cg,16
ref89_4x1,16
ref90_ism,16
ref91_nkl,16
ref92_cin,16
ref93_tok,16
ref93_tok,19
ref94_inr,16
ref94_inr,19
ref95_hdd,16
ref95_hdd,19
ref96_y02,16
ref97_k4f,16
ref98_dak,16
ref99_mds,16
ref100_vll,16
ref101_iqs,16
ref104_ja6,16
ref105_m54,16
ref106_tja,16
ref107_8gt,16
ref111_0si,16
ref112_bgw,16
ref113_l7h,16
ref115_nb6,16
ref116_557,16
ref117_l8z,16
ref118_bxl,16
ref119_beq,16
ref120_ydz,16
ref121_9wf,16
ref122_1ns,16
ref124_2lu,16
ref125_54y,16
ref183_smz,104
ref184_yb5,16
ref185_9j8,16
ref185_9j8,111
ref186_s14,16
ref191_tlx,16
ref195_23t,16
